date,game_pk,home_team_name,away_team_name,market_favorite,market_favorite_fair_prob,n_books,model_predicted_winner,model_agrees_with_favorite
2026-07-12,823358,Pittsburgh Pirates,Milwaukee Brewers,Pittsburgh Pirates,0.917487827434762,6,Pittsburgh Pirates,True
2026-07-12,824814,Baltimore Orioles,Kansas City Royals,Baltimore Orioles,0.5799302587328672,9,Baltimore Orioles,True
2026-07-12,822708,Washington Nationals,New York Yankees,Washington Nationals,0.5247088652853863,9,New York Yankees,False
2026-07-12,823602,New York Mets,Boston Red Sox,Boston Red Sox,0.5089407510934031,9,Boston Red Sox,True
2026-07-12,824491,Cincinnati Reds,Chicago Cubs,Chicago Cubs,0.5443973391486934,9,Chicago Cubs,True
2026-07-12,823842,Miami Marlins,Cleveland Guardians,Cleveland Guardians,0.5051546105821226,9,Miami Marlins,False
2026-07-12,824250,Detroit Tigers,Philadelphia Phillies,Detroit Tigers,0.5492252044298449,9,Detroit Tigers,True
2026-07-12,822951,Tampa Bay Rays,Seattle Mariners,Tampa Bay Rays,0.5784159597394415,9,Tampa Bay Rays,True
2026-07-12,824574,Chicago White Sox,Athletics,Chicago White Sox,0.5785386973627491,9,Athletics,False
2026-07-12,823681,Minnesota Twins,Los Angeles Angels,Minnesota Twins,0.5457045587148481,9,Los Angeles Angels,False
2026-07-12,823029,St. Louis Cardinals,Atlanta Braves,St. Louis Cardinals,0.5469676949791508,9,Atlanta Braves,False
2026-07-12,822876,Texas Rangers,Houston Astros,Texas Rangers,0.5632894505513667,9,Texas Rangers,True
2026-07-12,823199,San Francisco Giants,Colorado Rockies,San Francisco Giants,0.578950234732226,9,San Francisco Giants,True
2026-07-12,823925,Los Angeles Dodgers,Arizona Diamondbacks,Los Angeles Dodgers,0.6669387319506325,9,Los Angeles Dodgers,True
2026-07-12,823274,San Diego Padres,Toronto Blue Jays,Toronto Blue Jays,0.5434378647443551,9,Toronto Blue Jays,True
2026-07-20,824410,Cleveland Guardians,Minnesota Twins,Cleveland Guardians,0.7772779469720853,6,Minnesota Twins,False
2026-07-20,823522,New York Yankees,Pittsburgh Pirates,New York Yankees,0.5125321367249241,9,New York Yankees,True
2026-07-20,822788,Toronto Blue Jays,Tampa Bay Rays,Toronto Blue Jays,0.6130665668122699,9,Toronto Blue Jays,True
2026-07-20,824736,Boston Red Sox,Baltimore Orioles,Boston Red Sox,0.5978670150155219,9,Baltimore Orioles,False
2026-07-20,823436,Philadelphia Phillies,Los Angeles Dodgers,Philadelphia Phillies,0.5784869832677669,9,Los Angeles Dodgers,False
2026-07-20,824898,Atlanta Braves,San Diego Padres,Atlanta Braves,0.545232603459246,9,Atlanta Braves,True
2026-07-20,824087,Kansas City Royals,San Francisco Giants,Kansas City Royals,0.5302534019751566,9,Kansas City Royals,True
2026-07-20,823762,Milwaukee Brewers,New York Mets,Milwaukee Brewers,0.6587530145646467,9,Milwaukee Brewers,True
2026-07-21,824409,Cleveland Guardians,Minnesota Twins,Cleveland Guardians,0.5728419944047947,9,Cleveland Guardians,True
2026-07-21,823437,Philadelphia Phillies,Los Angeles Dodgers,Philadelphia Phillies,0.5254968282828695,9,Los Angeles Dodgers,False
2026-07-21,823519,New York Yankees,Pittsburgh Pirates,New York Yankees,0.5476763171043613,9,Pittsburgh Pirates,False
2026-07-21,822787,Toronto Blue Jays,Tampa Bay Rays,Toronto Blue Jays,0.5003300786858108,9,Tampa Bay Rays,False
2026-07-21,824735,Boston Red Sox,Baltimore Orioles,Baltimore Orioles,0.5009953430751108,9,Baltimore Orioles,True
2026-07-21,824895,Atlanta Braves,San Diego Padres,Atlanta Braves,0.5692451692023599,9,Atlanta Braves,True
2026-07-21,824085,Kansas City Royals,San Francisco Giants,San Francisco Giants,0.509690100297673,9,Kansas City Royals,False
2026-07-21,823760,Milwaukee Brewers,New York Mets,Milwaukee Brewers,0.5513606886422417,9,Milwaukee Brewers,True
2026-07-22,823518,New York Yankees,Pittsburgh Pirates,Pittsburgh Pirates,0.6560922364262374,6,New York Yankees,False
2026-07-22,824735,Boston Red Sox,Baltimore Orioles,Boston Red Sox,0.8623919360952143,6,Boston Red Sox,True
2026-07-22,824083,Kansas City Royals,San Francisco Giants,San Francisco Giants,0.5893164429744778,9,Kansas City Royals,False
2026-07-22,823761,Milwaukee Brewers,New York Mets,Milwaukee Brewers,0.5938857972102016,9,Milwaukee Brewers,True
2026-07-22,824327,Colorado Rockies,Washington Nationals,Washington Nationals,0.5742194878038955,9,Washington Nationals,True
2026-07-22,825055,Arizona Diamondbacks,Athletics,Arizona Diamondbacks,0.5466150072518399,9,Athletics,False
2026-07-22,823110,Seattle Mariners,Cincinnati Reds,Seattle Mariners,0.5977393307901937,9,Seattle Mariners,True
2026-07-22,824004,Los Angeles Angels,St. Louis Cardinals,Los Angeles Angels,0.5524495681533446,9,St. Louis Cardinals,False
2026-07-22,823438,Philadelphia Phillies,Los Angeles Dodgers,Los Angeles Dodgers,0.5256381096136422,9,Los Angeles Dodgers,True
2026-07-22,824408,Cleveland Guardians,Minnesota Twins,Cleveland Guardians,0.5341146209376956,9,Cleveland Guardians,True
2026-07-22,823518,New York Yankees,Pittsburgh Pirates,New York Yankees,0.6106403951048934,9,New York Yankees,True
2026-07-22,822784,Toronto Blue Jays,Tampa Bay Rays,Toronto Blue Jays,0.5019652809471136,9,Tampa Bay Rays,False
2026-07-22,824735,Boston Red Sox,Baltimore Orioles,Boston Red Sox,0.5606445288491207,9,Boston Red Sox,True
2026-07-22,824896,Atlanta Braves,San Diego Padres,Atlanta Braves,0.5165095893843707,9,Atlanta Braves,True
2026-07-23,824893,Atlanta Braves,San Diego Padres,Atlanta Braves,0.8850483460806416,6,Atlanta Braves,True
2026-07-23,824406,Cleveland Guardians,Minnesota Twins,Cleveland Guardians,0.5559931363230376,6,Minnesota Twins,False
2026-07-23,822785,Toronto Blue Jays,Tampa Bay Rays,Tampa Bay Rays,0.5167435023092791,9,Tampa Bay Rays,True
2026-07-23,823042,St. Louis Cardinals,Arizona Diamondbacks,St. Louis Cardinals,0.5239111549734751,9,Arizona Diamondbacks,False
2026-07-23,824247,Detroit Tigers,Kansas City Royals,Detroit Tigers,0.6662806784023573,9,Detroit Tigers,True
2026-07-24,823759,Milwaukee Brewers,Colorado Rockies,Milwaukee Brewers,0.7134031833813849,9,Milwaukee Brewers,True
2026-07-24,823352,Pittsburgh Pirates,Chicago Cubs,Pittsburgh Pirates,0.5039490471360331,9,Chicago Cubs,False
2026-07-24,824248,Detroit Tigers,Kansas City Royals,Detroit Tigers,0.700496069111762,9,Detroit Tigers,True
2026-07-24,822707,Washington Nationals,Arizona Diamondbacks,Arizona Diamondbacks,0.5357470133851957,9,Washington Nationals,False
2026-07-24,823434,Philadelphia Phillies,New York Yankees,Philadelphia Phillies,0.5595171630574297,9,New York Yankees,False
2026-07-24,824812,Baltimore Orioles,Atlanta Braves,Baltimore Orioles,0.5199051591996529,9,Atlanta Braves,False
2026-07-24,822952,Tampa Bay Rays,Cleveland Guardians,Tampa Bay Rays,0.5404108880579233,9,Tampa Bay Rays,True
2026-07-24,823601,New York Mets,Los Angeles Dodgers,Los Angeles Dodgers,0.5532465281301843,9,Los Angeles Dodgers,True
2026-07-24,823843,Miami Marlins,San Diego Padres,Miami Marlins,0.5520793181088535,9,Miami Marlins,True
2026-07-24,824733,Boston Red Sox,Toronto Blue Jays,Boston Red Sox,0.5379688886543083,9,Toronto Blue Jays,False
2026-07-24,824573,Chicago White Sox,Houston Astros,Chicago White Sox,0.5459075083397308,9,Chicago White Sox,True
2026-07-25,822704,Washington Nationals,Arizona Diamondbacks,Washington Nationals,0.7556066279273059,6,Arizona Diamondbacks,False
2026-07-25,823197,San Francisco Giants,Los Angeles Angels,San Francisco Giants,0.9560658397199032,2,Los Angeles Angels,False
2026-07-25,824734,Boston Red Sox,Toronto Blue Jays,Toronto Blue Jays,0.9097096396449432,5,Toronto Blue Jays,True
2026-07-25,823841,Miami Marlins,San Diego Padres,San Diego Padres,0.5801915136226525,6,Miami Marlins,False
2026-07-25,823435,Philadelphia Phillies,New York Yankees,New York Yankees,0.531342916072637,9,New York Yankees,True
2026-07-25,822948,Tampa Bay Rays,Cleveland Guardians,Tampa Bay Rays,0.5243538431602036,9,Tampa Bay Rays,True
2026-07-25,823355,Pittsburgh Pirates,Chicago Cubs,Pittsburgh Pirates,0.5283734935980358,9,Pittsburgh Pirates,True
2026-07-25,824811,Baltimore Orioles,Atlanta Braves,Baltimore Orioles,0.5069721042759966,9,Atlanta Braves,False
2026-07-25,823679,Minnesota Twins,Athletics,Minnesota Twins,0.572911279771986,9,Minnesota Twins,True
2026-07-25,824571,Chicago White Sox,Houston Astros,Chicago White Sox,0.5298650724095278,9,Houston Astros,False
2026-07-25,823758,Milwaukee Brewers,Colorado Rockies,Milwaukee Brewers,0.6767741295571148,9,Milwaukee Brewers,True
2026-07-25,823027,St. Louis Cardinals,Cincinnati Reds,St. Louis Cardinals,0.5025096389951784,9,Cincinnati Reds,False
2026-07-25,823600,New York Mets,Los Angeles Dodgers,Los Angeles Dodgers,0.5855658473963137,9,Los Angeles Dodgers,True
2026-07-25,822869,Texas Rangers,Seattle Mariners,Seattle Mariners,0.5019777749024025,9,Seattle Mariners,True
2026-07-26,822950,Tampa Bay Rays,Cleveland Guardians,Tampa Bay Rays,0.5464015851811902,6,Tampa Bay Rays,True
2026-07-26,822706,Washington Nationals,Arizona Diamondbacks,Arizona Diamondbacks,0.5134379709052498,9,Arizona Diamondbacks,True
2026-07-26,824810,Baltimore Orioles,Atlanta Braves,Atlanta Braves,0.5063223150139273,9,Atlanta Braves,True
2026-07-26,824730,Boston Red Sox,Toronto Blue Jays,Boston Red Sox,0.5671120211953632,9,Boston Red Sox,True
2026-07-26,823354,Pittsburgh Pirates,Chicago Cubs,Pittsburgh Pirates,0.5418462610296796,9,Chicago Cubs,False
2026-07-26,824246,Detroit Tigers,Kansas City Royals,Detroit Tigers,0.628045466041883,9,Detroit Tigers,True
2026-07-26,823599,New York Mets,Los Angeles Dodgers,Los Angeles Dodgers,0.5753238046200186,9,Los Angeles Dodgers,True
2026-07-26,823840,Miami Marlins,San Diego Padres,Miami Marlins,0.5304170514103442,9,Miami Marlins,True
2026-07-26,823678,Minnesota Twins,Athletics,Minnesota Twins,0.5880370295299309,9,Minnesota Twins,True
2026-07-26,824572,Chicago White Sox,Houston Astros,Chicago White Sox,0.5084978429417596,9,Chicago White Sox,True
2026-07-26,823755,Milwaukee Brewers,Colorado Rockies,Milwaukee Brewers,0.7502579068443305,9,Milwaukee Brewers,True
2026-07-26,823028,St. Louis Cardinals,Cincinnati Reds,St. Louis Cardinals,0.5499373031238629,9,St. Louis Cardinals,True
2026-07-26,822870,Texas Rangers,Seattle Mariners,Texas Rangers,0.5050235046207407,9,Seattle Mariners,False
2026-07-26,823194,San Francisco Giants,Los Angeles Angels,Los Angeles Angels,0.505480453772883,9,Los Angeles Angels,True
2026-07-26,823433,Philadelphia Phillies,New York Yankees,Philadelphia Phillies,0.6315578225792451,9,Philadelphia Phillies,True
2026-08-01,822781,Toronto Blue Jays,St. Louis Cardinals,Toronto Blue Jays,0.5934596517342196,9,St. Louis Cardinals,False
2026-08-01,822944,Tampa Bay Rays,Chicago White Sox,Tampa Bay Rays,0.6085968941690667,9,Tampa Bay Rays,True
2026-08-01,823594,New York Mets,Miami Marlins,New York Mets,0.5502402458576511,9,Miami Marlins,False
2026-08-01,823109,Seattle Mariners,Minnesota Twins,Seattle Mariners,0.6021277445114479,9,Seattle Mariners,True
2026-08-01,824485,Cincinnati Reds,Pittsburgh Pirates,Pittsburgh Pirates,0.5234649973025235,9,Pittsburgh Pirates,True
2026-08-01,824808,Baltimore Orioles,Philadelphia Phillies,Philadelphia Phillies,0.5683025730424595,9,Philadelphia Phillies,True
2026-08-01,824162,Houston Astros,Texas Rangers,Texas Rangers,0.5372211307444739,9,Texas Rangers,True
2026-08-01,824405,Cleveland Guardians,Arizona Diamondbacks,Cleveland Guardians,0.6141592794232837,9,Cleveland Guardians,True
2026-08-01,824890,Atlanta Braves,Washington Nationals,Atlanta Braves,0.6059764417715409,9,Atlanta Braves,True
2026-08-01,824649,Chicago Cubs,New York Yankees,Chicago Cubs,0.5182974264785601,9,New York Yankees,False
