logged_at,endpoint,requests_used,requests_remaining,last_call_cost
2026-07-09T18:30:17,https://api.the-odds-api.com/v4/sports/baseball_mlb/events,0,500,0
2026-07-09T18:30:17,https://api.the-odds-api.com/v4/sports/baseball_mlb/events/673121d56b103f8d38738980fbffafef/odds,1,499,1
2026-07-09T18:30:17,https://api.the-odds-api.com/v4/sports/baseball_mlb/events/83cf12bed561626b784721179f647eb2/odds,2,498,1
2026-07-09T18:30:17,https://api.the-odds-api.com/v4/sports/baseball_mlb/events/6bfe03bb9d1e3ada87b6238cd7203d64/odds,3,497,1
2026-07-09T18:30:18,https://api.the-odds-api.com/v4/sports/baseball_mlb/events/cea3285cc6f53d314e7111cbd078141b/odds,4,496,1
2026-07-09T18:30:47,https://api.the-odds-api.com/v4/sports/baseball_mlb/events,4,496,0
2026-07-09T18:30:48,https://api.the-odds-api.com/v4/sports/baseball_mlb/events/83cf12bed561626b784721179f647eb2/odds,5,495,1
2026-07-09T18:30:48,https://api.the-odds-api.com/v4/sports/baseball_mlb/events/cea3285cc6f53d314e7111cbd078141b/odds,6,494,1
2026-07-09T18:30:48,https://api.the-odds-api.com/v4/sports/baseball_mlb/events/6bfe03bb9d1e3ada87b6238cd7203d64/odds,7,493,1
2026-07-10T19:19:30,https://api.the-odds-api.com/v4/sports/baseball_mlb/events/55c7996867831d050e3a904c541089d8/odds,30,470,1
2026-07-10T19:19:30,https://api.the-odds-api.com/v4/sports/baseball_mlb/events/b11bed54d0340b0a1865d2f8d41bb050/odds,29,471,1
2026-07-10T19:19:30,https://api.the-odds-api.com/v4/sports/baseball_mlb/events/250b0373676b10f51ed1c59c93714245/odds,28,472,1
2026-07-10T19:19:30,https://api.the-odds-api.com/v4/sports/baseball_mlb/events/895dfbfbbb57ff9ecc3cb430a9c69076/odds,26,474,1
2026-07-10T19:19:30,https://api.the-odds-api.com/v4/sports/baseball_mlb/events,25,475,0
2026-07-10T19:19:30,https://api.the-odds-api.com/v4/sports/baseball_mlb/events/f308816130f3007f771929f15d62862c/odds,27,473,1
2026-07-10T19:19:31,https://api.the-odds-api.com/v4/sports/baseball_mlb/events/e1b31472ec00cc3475d077ee22298ef8/odds,31,469,1
2026-07-10T19:19:31,https://api.the-odds-api.com/v4/sports/baseball_mlb/events/781ce9e5ac0cd1e3339085c1fb7d7b39/odds,32,468,1
2026-07-10T19:19:31,https://api.the-odds-api.com/v4/sports/baseball_mlb/events/76ab48541c0690199e815574c469d162/odds,33,467,1
2026-07-10T19:19:31,https://api.the-odds-api.com/v4/sports/baseball_mlb/events/c710eb874e3d11ac6f032fbc186f2e5f/odds,34,466,1
2026-07-11T13:46:49,https://api.the-odds-api.com/v4/sports/baseball_mlb/events,48,452,0
2026-07-11T13:46:50,https://api.the-odds-api.com/v4/sports/baseball_mlb/events/93986de15fc102a4875daaf7e6250f9e/odds,51,449,1
2026-07-11T13:46:50,https://api.the-odds-api.com/v4/sports/baseball_mlb/events/39a35ef6ca846e78caf1d3d4063cba8b/odds,50,450,1
2026-07-11T13:46:50,https://api.the-odds-api.com/v4/sports/baseball_mlb/events/8ec769ee362e5e0e25ac93ee886cdfd4/odds,49,451,1
2026-07-11T13:46:50,https://api.the-odds-api.com/v4/sports/baseball_mlb/events/1ff6b7060ccd99869ddc9396d067920c/odds,48,452,0
2026-07-11T13:46:50,https://api.the-odds-api.com/v4/sports/baseball_mlb/events/ff676cfabd491a806f9fad9a93924adb/odds,54,446,1
2026-07-11T13:46:50,https://api.the-odds-api.com/v4/sports/baseball_mlb/events/3e0030b3cd282b42e4c204a9e30ec8f4/odds,53,447,1
2026-07-11T13:46:50,https://api.the-odds-api.com/v4/sports/baseball_mlb/events/def5adac76d2258bb7ff1a427e09f8a8/odds,52,448,1
2026-07-11T13:46:51,https://api.the-odds-api.com/v4/sports/baseball_mlb/events/a2501dff8c71ab28b0051fafeed81903/odds,61,439,1
2026-07-11T13:46:51,https://api.the-odds-api.com/v4/sports/baseball_mlb/events/27168ae4cc8b352a2cb7e3f6dab8b610/odds,60,440,1
2026-07-11T13:46:51,https://api.the-odds-api.com/v4/sports/baseball_mlb/events/3e2ce9905fcaa6c74169c61fcb777080/odds,59,441,1
2026-07-11T13:46:51,https://api.the-odds-api.com/v4/sports/baseball_mlb/events/09d58ac97a07ac9cc6bc658cf72f08a3/odds,58,442,1
2026-07-11T13:46:51,https://api.the-odds-api.com/v4/sports/baseball_mlb/events/ba8bc57255560c92ff44bf4ac63a4fd9/odds,57,443,1
2026-07-11T13:46:51,https://api.the-odds-api.com/v4/sports/baseball_mlb/events/93a5e6119186fda8b8ae5e4ec2abd550/odds,56,444,1
2026-07-11T13:46:51,https://api.the-odds-api.com/v4/sports/baseball_mlb/events/b552ecd25e0e2e615532c65ff294144f/odds,55,445,1
2026-07-11T16:12:21,https://api.the-odds-api.com/v4/sports/baseball_mlb/events/def5adac76d2258bb7ff1a427e09f8a8/odds,39,461,1
2026-07-11T16:12:21,https://api.the-odds-api.com/v4/sports/baseball_mlb/events/93986de15fc102a4875daaf7e6250f9e/odds,38,462,1
2026-07-11T16:12:21,https://api.the-odds-api.com/v4/sports/baseball_mlb/events/39a35ef6ca846e78caf1d3d4063cba8b/odds,37,463,1
2026-07-11T16:12:21,https://api.the-odds-api.com/v4/sports/baseball_mlb/events/8ec769ee362e5e0e25ac93ee886cdfd4/odds,36,464,1
2026-07-11T16:12:21,https://api.the-odds-api.com/v4/sports/baseball_mlb/events,34,466,0
2026-07-11T16:12:21,https://api.the-odds-api.com/v4/sports/baseball_mlb/events/3e0030b3cd282b42e4c204a9e30ec8f4/odds,40,460,1
2026-07-11T16:12:21,https://api.the-odds-api.com/v4/sports/baseball_mlb/events/1ff6b7060ccd99869ddc9396d067920c/odds,35,465,1
2026-07-11T16:12:22,https://api.the-odds-api.com/v4/sports/baseball_mlb/events/a2501dff8c71ab28b0051fafeed81903/odds,48,452,1
2026-07-11T16:12:22,https://api.the-odds-api.com/v4/sports/baseball_mlb/events/27168ae4cc8b352a2cb7e3f6dab8b610/odds,47,453,1
2026-07-11T16:12:22,https://api.the-odds-api.com/v4/sports/baseball_mlb/events/3e2ce9905fcaa6c74169c61fcb777080/odds,46,454,1
2026-07-11T16:12:22,https://api.the-odds-api.com/v4/sports/baseball_mlb/events/09d58ac97a07ac9cc6bc658cf72f08a3/odds,45,455,1
2026-07-11T16:12:22,https://api.the-odds-api.com/v4/sports/baseball_mlb/events/ba8bc57255560c92ff44bf4ac63a4fd9/odds,44,456,1
2026-07-11T16:12:22,https://api.the-odds-api.com/v4/sports/baseball_mlb/events/93a5e6119186fda8b8ae5e4ec2abd550/odds,43,457,1
2026-07-11T16:12:22,https://api.the-odds-api.com/v4/sports/baseball_mlb/events/b552ecd25e0e2e615532c65ff294144f/odds,42,458,1
2026-07-11T16:12:22,https://api.the-odds-api.com/v4/sports/baseball_mlb/events/ff676cfabd491a806f9fad9a93924adb/odds,41,459,1
2026-07-12T13:26:45,https://api.the-odds-api.com/v4/sports/baseball_mlb/odds,78,422,1
2026-07-12T13:27:55,https://api.the-odds-api.com/v4/sports/baseball_mlb/odds,79,421,1
2026-07-12T16:15:46,https://api.the-odds-api.com/v4/sports/baseball_mlb/events/07753111ee3b354abbe8fab4987bb817/odds,66,434,1
2026-07-12T16:15:46,https://api.the-odds-api.com/v4/sports/baseball_mlb/events/fd0e4e074c09a0148b633ff72e4450d7/odds,65,435,1
2026-07-12T16:15:46,https://api.the-odds-api.com/v4/sports/baseball_mlb/events/32eb2951f81d870c61eae4eb3afb7ea8/odds,64,436,1
2026-07-12T16:15:46,https://api.the-odds-api.com/v4/sports/baseball_mlb/events/7446dc66dc13eb736b1b6a5a61b450e4/odds,62,438,1
2026-07-12T16:15:46,https://api.the-odds-api.com/v4/sports/baseball_mlb/events,61,439,0
2026-07-12T16:15:46,https://api.the-odds-api.com/v4/sports/baseball_mlb/events/9cabe1742d3e487a116781a9b61b41ce/odds,63,437,1
2026-07-12T16:15:47,https://api.the-odds-api.com/v4/sports/baseball_mlb/events/40ac03ae2d2b1dc11d41ced3f411f478/odds,75,425,1
2026-07-12T16:15:47,https://api.the-odds-api.com/v4/sports/baseball_mlb/events/fe2a389f5cf40c61156a794804ec0fff/odds,67,433,1
2026-07-12T16:15:47,https://api.the-odds-api.com/v4/sports/baseball_mlb/events/44263373c8152cfeef60f3501f9f0cbc/odds,68,432,1
2026-07-12T16:15:47,https://api.the-odds-api.com/v4/sports/baseball_mlb/events/a154d97ebad5a9a06417fe7578e7402f/odds,69,431,1
2026-07-12T16:15:47,https://api.the-odds-api.com/v4/sports/baseball_mlb/events/161be820330ad3e3e7e2ab5b0add2ff4/odds,70,430,1
2026-07-12T16:15:47,https://api.the-odds-api.com/v4/sports/baseball_mlb/events/b4977d853e9f601495f2a4a03c741589/odds,71,429,1
2026-07-12T16:15:47,https://api.the-odds-api.com/v4/sports/baseball_mlb/events/16afd7bc765cb79fe5e887e2e28e0b20/odds,72,428,1
2026-07-12T16:15:47,https://api.the-odds-api.com/v4/sports/baseball_mlb/events/180ee18000bc994ba8c23c2ebc9ef746/odds,73,427,1
2026-07-12T16:15:47,https://api.the-odds-api.com/v4/sports/baseball_mlb/events/9d71a179d7d4dd618d4fae5516f00d95/odds,74,426,1
2026-07-12T16:15:48,https://api.the-odds-api.com/v4/sports/baseball_mlb/events/f1d16b70bce98d0cea5eb7551dfbe37f/odds,76,424,1
2026-07-19T19:54:10,https://api.the-odds-api.com/v4/sports/basketball_wnba/odds,107,393,2
2026-07-19T19:54:40,https://api.the-odds-api.com/v4/sports/basketball_wnba/odds,109,391,2
2026-07-19T19:57:27,https://api.the-odds-api.com/v4/sports/basketball_wnba/odds,111,389,2
2026-07-19T19:58:32,https://api.the-odds-api.com/v4/sports/basketball_wnba/odds,113,387,2
2026-07-19T19:58:43,https://api.the-odds-api.com/v4/sports/basketball_wnba/odds,115,385,2
2026-07-19T20:16:59,https://api.the-odds-api.com/v4/sports/basketball_wnba/odds,117,383,2
2026-07-20T17:25:31,https://api.the-odds-api.com/v4/sports/baseball_mlb/events,128,372,0
2026-07-20T17:25:31,https://api.the-odds-api.com/v4/sports/baseball_mlb/events/ed99d6d31957cf5543b0733a49085559/odds,129,371,1
2026-07-20T17:25:32,https://api.the-odds-api.com/v4/sports/baseball_mlb/events/29d4af8b2386afc600f412243c22a53b/odds,130,370,1
2026-07-20T17:25:32,https://api.the-odds-api.com/v4/sports/baseball_mlb/events/f237d860c80df8632a4717d53fee1c25/odds,131,369,1
2026-07-20T17:25:32,https://api.the-odds-api.com/v4/sports/baseball_mlb/events/0dd84d01f2970e524c07c9ff2a747b7f/odds,132,368,1
2026-07-20T17:25:32,https://api.the-odds-api.com/v4/sports/baseball_mlb/events/128e4328bfe1ffa187a85b1e5e2b5ec6/odds,133,367,1
2026-07-20T17:25:32,https://api.the-odds-api.com/v4/sports/baseball_mlb/events/b829b2871533d73401916f919c2b485a/odds,134,366,1
2026-07-20T17:25:32,https://api.the-odds-api.com/v4/sports/baseball_mlb/events/c9a69923caed0afdda9fd6b94171b189/odds,135,365,1
2026-07-20T17:25:32,https://api.the-odds-api.com/v4/sports/baseball_mlb/events/b6936af60f2ffed1b270c119f7127ae7/odds,136,364,1
2026-07-20T17:25:44,https://api.the-odds-api.com/v4/sports/baseball_mlb/odds,137,363,1
2026-07-20T18:00:50,https://api.the-odds-api.com/v4/sports/baseball_mlb/odds,155,345,1
2026-07-20T21:27:11,https://api.the-odds-api.com/v4/sports/baseball_mlb/events,145,355,0
2026-07-20T21:27:11,https://api.the-odds-api.com/v4/sports/baseball_mlb/events/ed99d6d31957cf5543b0733a49085559/odds,146,354,1
2026-07-20T21:27:11,https://api.the-odds-api.com/v4/sports/baseball_mlb/events/29d4af8b2386afc600f412243c22a53b/odds,147,353,1
2026-07-20T21:27:11,https://api.the-odds-api.com/v4/sports/baseball_mlb/events/f237d860c80df8632a4717d53fee1c25/odds,148,352,1
2026-07-20T21:27:11,https://api.the-odds-api.com/v4/sports/baseball_mlb/events/0dd84d01f2970e524c07c9ff2a747b7f/odds,149,351,1
2026-07-20T21:27:12,https://api.the-odds-api.com/v4/sports/baseball_mlb/events/128e4328bfe1ffa187a85b1e5e2b5ec6/odds,150,350,1
2026-07-20T21:27:12,https://api.the-odds-api.com/v4/sports/baseball_mlb/events/b829b2871533d73401916f919c2b485a/odds,151,349,1
2026-07-20T21:27:12,https://api.the-odds-api.com/v4/sports/baseball_mlb/events/c9a69923caed0afdda9fd6b94171b189/odds,152,348,1
2026-07-20T21:27:12,https://api.the-odds-api.com/v4/sports/baseball_mlb/events/b6936af60f2ffed1b270c119f7127ae7/odds,153,347,1
2026-07-20T21:27:18,https://api.the-odds-api.com/v4/sports/baseball_mlb/odds,154,346,1
2026-07-20T23:03:34,https://api.the-odds-api.com/v4/sports/baseball_mlb/events,155,345,0
2026-07-20T23:03:34,https://api.the-odds-api.com/v4/sports/baseball_mlb/events/ed99d6d31957cf5543b0733a49085559/odds,156,344,1
2026-07-20T23:03:34,https://api.the-odds-api.com/v4/sports/baseball_mlb/events/29d4af8b2386afc600f412243c22a53b/odds,157,343,1
2026-07-20T23:03:34,https://api.the-odds-api.com/v4/sports/baseball_mlb/events/f237d860c80df8632a4717d53fee1c25/odds,158,342,1
2026-07-20T23:03:34,https://api.the-odds-api.com/v4/sports/baseball_mlb/events/0dd84d01f2970e524c07c9ff2a747b7f/odds,159,341,1
2026-07-20T23:03:34,https://api.the-odds-api.com/v4/sports/baseball_mlb/events/128e4328bfe1ffa187a85b1e5e2b5ec6/odds,160,340,1
2026-07-20T23:03:35,https://api.the-odds-api.com/v4/sports/baseball_mlb/events/b829b2871533d73401916f919c2b485a/odds,161,339,1
2026-07-20T23:03:35,https://api.the-odds-api.com/v4/sports/baseball_mlb/events/c9a69923caed0afdda9fd6b94171b189/odds,162,338,1
2026-07-20T23:03:35,https://api.the-odds-api.com/v4/sports/baseball_mlb/events/b6936af60f2ffed1b270c119f7127ae7/odds,163,337,1
2026-07-20T23:03:43,https://api.the-odds-api.com/v4/sports/baseball_mlb/odds,164,336,1
2026-07-20T23:04:00,https://api.the-odds-api.com/v4/sports/baseball_mlb/odds,165,335,1
2026-07-21T17:55:49,https://api.the-odds-api.com/v4/sports/baseball_mlb/events,173,327,0
2026-07-21T17:55:49,https://api.the-odds-api.com/v4/sports/baseball_mlb/events/0423e391e6f8cfd58c7f2f1c72d0aec7/odds,174,326,1
2026-07-21T17:55:49,https://api.the-odds-api.com/v4/sports/baseball_mlb/events/41aa20c582aac0979e875a6e5a86b79b/odds,175,325,1
2026-07-21T17:55:49,https://api.the-odds-api.com/v4/sports/baseball_mlb/events/4b39d95fa5e27f227c44ec3a8f68aaf4/odds,176,324,1
2026-07-21T17:55:49,https://api.the-odds-api.com/v4/sports/baseball_mlb/events/267dae014ac02839048da8da0bf226c3/odds,177,323,1
2026-07-21T17:55:50,https://api.the-odds-api.com/v4/sports/baseball_mlb/events/ded163387935cca0e01c3281ff323291/odds,178,322,1
2026-07-21T17:55:50,https://api.the-odds-api.com/v4/sports/baseball_mlb/events/ebe684b6aa76271158a53ba859a81432/odds,179,321,1
2026-07-21T17:55:50,https://api.the-odds-api.com/v4/sports/baseball_mlb/events/a33e389530d74f9495e5d0108d6b038b/odds,180,320,1
2026-07-21T17:55:50,https://api.the-odds-api.com/v4/sports/baseball_mlb/events/aac7942aa7683280dcbfe7dcfc16d44e/odds,181,319,1
2026-07-21T18:11:10,https://api.the-odds-api.com/v4/sports/baseball_mlb/odds,182,318,1
2026-07-21T18:11:32,https://api.the-odds-api.com/v4/sports/baseball_mlb/odds,183,317,1
2026-07-22T15:44:44,https://api.the-odds-api.com/v4/sports/baseball_mlb/events,211,289,0
2026-07-22T15:44:44,https://api.the-odds-api.com/v4/sports/baseball_mlb/events/8291188eca889695bdbc42aac91ad1e5/odds,212,288,1
2026-07-22T15:44:44,https://api.the-odds-api.com/v4/sports/baseball_mlb/events/10ee5044193bffe8f24adf381ebde5ad/odds,213,287,1
2026-07-22T15:44:45,https://api.the-odds-api.com/v4/sports/baseball_mlb/events/a319064ad34e8e60220140acb9035af3/odds,214,286,1
2026-07-22T15:44:45,https://api.the-odds-api.com/v4/sports/baseball_mlb/events/a362299f25a2814e5b0e40d072bb782f/odds,215,285,1
2026-07-22T15:44:45,https://api.the-odds-api.com/v4/sports/baseball_mlb/events/fcc83e954b9e74964b190cb0e29366c7/odds,216,284,1
2026-07-22T15:44:45,https://api.the-odds-api.com/v4/sports/baseball_mlb/events/fe2c8918c10c47fffd27be962809d726/odds,217,283,1
2026-07-22T15:44:45,https://api.the-odds-api.com/v4/sports/baseball_mlb/events/5d1eeebcccadcfc65a1ae65709da7845/odds,218,282,1
2026-07-22T15:44:45,https://api.the-odds-api.com/v4/sports/baseball_mlb/events/9121395092ebe73ce8eaba439dc5be34/odds,219,281,1
2026-07-22T15:44:46,https://api.the-odds-api.com/v4/sports/baseball_mlb/events/111a955795876d50988b15c219ce0796/odds,220,280,1
2026-07-22T15:44:46,https://api.the-odds-api.com/v4/sports/baseball_mlb/events/be25eb82b82629d959c1e5ccb8dcc1e7/odds,221,279,1
2026-07-22T15:44:46,https://api.the-odds-api.com/v4/sports/baseball_mlb/events/825819c6eb7f33c306b094f49bcd9bb0/odds,222,278,1
2026-07-22T15:44:46,https://api.the-odds-api.com/v4/sports/baseball_mlb/events/b6df72e0280eb235fcca22cc3d3fc1ab/odds,223,277,1
2026-07-22T15:44:46,https://api.the-odds-api.com/v4/sports/baseball_mlb/events/e3d220f8bbf8ac99e58dbf7088695b59/odds,224,276,1
2026-07-22T15:44:46,https://api.the-odds-api.com/v4/sports/baseball_mlb/events/573a8d20a4ce1b6795f2e3ac8d30cae0/odds,225,275,1
2026-07-22T15:44:54,https://api.the-odds-api.com/v4/sports/baseball_mlb/odds,226,274,1
2026-07-22T15:45:02,https://api.the-odds-api.com/v4/sports/baseball_mlb/odds,227,273,1
2026-07-22T15:45:32,https://api.the-odds-api.com/v4/sports/baseball_mlb/odds,228,272,1
2026-07-22T15:54:27,https://api.the-odds-api.com/v4/sports/baseball_mlb/events,228,272,0
2026-07-22T15:54:27,https://api.the-odds-api.com/v4/sports/baseball_mlb/events/8291188eca889695bdbc42aac91ad1e5/odds,229,271,1
2026-07-22T15:54:27,https://api.the-odds-api.com/v4/sports/baseball_mlb/events/10ee5044193bffe8f24adf381ebde5ad/odds,230,270,1
2026-07-22T15:54:28,https://api.the-odds-api.com/v4/sports/baseball_mlb/events/a319064ad34e8e60220140acb9035af3/odds,231,269,1
2026-07-22T15:54:28,https://api.the-odds-api.com/v4/sports/baseball_mlb/events/a362299f25a2814e5b0e40d072bb782f/odds,232,268,1
2026-07-22T15:54:28,https://api.the-odds-api.com/v4/sports/baseball_mlb/events/fcc83e954b9e74964b190cb0e29366c7/odds,233,267,1
2026-07-22T15:54:28,https://api.the-odds-api.com/v4/sports/baseball_mlb/events/fe2c8918c10c47fffd27be962809d726/odds,234,266,1
2026-07-22T15:54:28,https://api.the-odds-api.com/v4/sports/baseball_mlb/events/5d1eeebcccadcfc65a1ae65709da7845/odds,235,265,1
2026-07-22T15:54:29,https://api.the-odds-api.com/v4/sports/baseball_mlb/events/9121395092ebe73ce8eaba439dc5be34/odds,236,264,1
2026-07-22T15:54:29,https://api.the-odds-api.com/v4/sports/baseball_mlb/events/111a955795876d50988b15c219ce0796/odds,237,263,1
2026-07-22T15:54:29,https://api.the-odds-api.com/v4/sports/baseball_mlb/events/be25eb82b82629d959c1e5ccb8dcc1e7/odds,238,262,1
2026-07-22T15:54:29,https://api.the-odds-api.com/v4/sports/baseball_mlb/events/825819c6eb7f33c306b094f49bcd9bb0/odds,239,261,1
2026-07-22T15:54:29,https://api.the-odds-api.com/v4/sports/baseball_mlb/events/b6df72e0280eb235fcca22cc3d3fc1ab/odds,240,260,1
2026-07-22T15:54:29,https://api.the-odds-api.com/v4/sports/baseball_mlb/events/e3d220f8bbf8ac99e58dbf7088695b59/odds,241,259,1
2026-07-22T15:54:30,https://api.the-odds-api.com/v4/sports/baseball_mlb/events/573a8d20a4ce1b6795f2e3ac8d30cae0/odds,242,258,1
2026-07-22T15:54:38,https://api.the-odds-api.com/v4/sports/baseball_mlb/odds,243,257,1
2026-07-22T15:54:45,https://api.the-odds-api.com/v4/sports/baseball_mlb/odds,244,256,1
2026-07-22T15:55:15,https://api.the-odds-api.com/v4/sports/baseball_mlb/odds,245,255,1
2026-07-22T15:59:27,https://api.the-odds-api.com/v4/sports/baseball_mlb/events,245,255,0
2026-07-22T15:59:27,https://api.the-odds-api.com/v4/sports/baseball_mlb/events/8291188eca889695bdbc42aac91ad1e5/odds,246,254,1
2026-07-22T15:59:27,https://api.the-odds-api.com/v4/sports/baseball_mlb/events/10ee5044193bffe8f24adf381ebde5ad/odds,247,253,1
2026-07-22T15:59:27,https://api.the-odds-api.com/v4/sports/baseball_mlb/events/a319064ad34e8e60220140acb9035af3/odds,248,252,1
2026-07-22T15:59:27,https://api.the-odds-api.com/v4/sports/baseball_mlb/events/a362299f25a2814e5b0e40d072bb782f/odds,249,251,1
2026-07-22T15:59:27,https://api.the-odds-api.com/v4/sports/baseball_mlb/events/fcc83e954b9e74964b190cb0e29366c7/odds,250,250,1
2026-07-22T15:59:27,https://api.the-odds-api.com/v4/sports/baseball_mlb/events/fe2c8918c10c47fffd27be962809d726/odds,251,249,1
2026-07-22T15:59:28,https://api.the-odds-api.com/v4/sports/baseball_mlb/events/5d1eeebcccadcfc65a1ae65709da7845/odds,252,248,1
2026-07-22T15:59:28,https://api.the-odds-api.com/v4/sports/baseball_mlb/events/9121395092ebe73ce8eaba439dc5be34/odds,253,247,1
2026-07-22T15:59:28,https://api.the-odds-api.com/v4/sports/baseball_mlb/events/111a955795876d50988b15c219ce0796/odds,254,246,1
2026-07-22T15:59:28,https://api.the-odds-api.com/v4/sports/baseball_mlb/events/be25eb82b82629d959c1e5ccb8dcc1e7/odds,255,245,1
2026-07-22T15:59:28,https://api.the-odds-api.com/v4/sports/baseball_mlb/events/825819c6eb7f33c306b094f49bcd9bb0/odds,256,244,1
2026-07-22T15:59:28,https://api.the-odds-api.com/v4/sports/baseball_mlb/events/b6df72e0280eb235fcca22cc3d3fc1ab/odds,257,243,1
2026-07-22T15:59:28,https://api.the-odds-api.com/v4/sports/baseball_mlb/events/e3d220f8bbf8ac99e58dbf7088695b59/odds,258,242,1
2026-07-22T15:59:28,https://api.the-odds-api.com/v4/sports/baseball_mlb/events/573a8d20a4ce1b6795f2e3ac8d30cae0/odds,259,241,1
2026-07-22T15:59:36,https://api.the-odds-api.com/v4/sports/baseball_mlb/odds,260,240,1
2026-07-22T15:59:43,https://api.the-odds-api.com/v4/sports/baseball_mlb/odds,261,239,1
2026-07-22T16:00:07,https://api.the-odds-api.com/v4/sports/baseball_mlb/odds,262,238,1
2026-07-22T16:09:19,https://api.the-odds-api.com/v4/sports/baseball_mlb/events,277,223,0
2026-07-22T16:09:20,https://api.the-odds-api.com/v4/sports/baseball_mlb/events/8291188eca889695bdbc42aac91ad1e5/odds,278,222,1
2026-07-22T16:09:20,https://api.the-odds-api.com/v4/sports/baseball_mlb/events/10ee5044193bffe8f24adf381ebde5ad/odds,279,221,1
2026-07-22T16:09:20,https://api.the-odds-api.com/v4/sports/baseball_mlb/events/a319064ad34e8e60220140acb9035af3/odds,280,220,1
2026-07-22T16:09:20,https://api.the-odds-api.com/v4/sports/baseball_mlb/events/a362299f25a2814e5b0e40d072bb782f/odds,281,219,1
2026-07-22T16:09:20,https://api.the-odds-api.com/v4/sports/baseball_mlb/events/fcc83e954b9e74964b190cb0e29366c7/odds,282,218,1
2026-07-22T16:09:21,https://api.the-odds-api.com/v4/sports/baseball_mlb/events/fe2c8918c10c47fffd27be962809d726/odds,283,217,1
2026-07-22T16:09:21,https://api.the-odds-api.com/v4/sports/baseball_mlb/events/5d1eeebcccadcfc65a1ae65709da7845/odds,284,216,1
2026-07-22T16:09:21,https://api.the-odds-api.com/v4/sports/baseball_mlb/events/9121395092ebe73ce8eaba439dc5be34/odds,285,215,1
2026-07-22T16:09:21,https://api.the-odds-api.com/v4/sports/baseball_mlb/events/111a955795876d50988b15c219ce0796/odds,286,214,1
2026-07-22T16:09:22,https://api.the-odds-api.com/v4/sports/baseball_mlb/events/be25eb82b82629d959c1e5ccb8dcc1e7/odds,287,213,1
2026-07-22T16:09:22,https://api.the-odds-api.com/v4/sports/baseball_mlb/events/825819c6eb7f33c306b094f49bcd9bb0/odds,288,212,1
2026-07-22T16:09:22,https://api.the-odds-api.com/v4/sports/baseball_mlb/events/b6df72e0280eb235fcca22cc3d3fc1ab/odds,289,211,1
2026-07-22T16:09:22,https://api.the-odds-api.com/v4/sports/baseball_mlb/events/e3d220f8bbf8ac99e58dbf7088695b59/odds,290,210,1
2026-07-22T16:09:22,https://api.the-odds-api.com/v4/sports/baseball_mlb/events/573a8d20a4ce1b6795f2e3ac8d30cae0/odds,291,209,1
2026-07-22T16:09:30,https://api.the-odds-api.com/v4/sports/baseball_mlb/odds,292,208,1
2026-07-22T16:24:44,https://api.the-odds-api.com/v4/sports/baseball_mlb/odds,293,207,1
2026-07-22T16:31:24,https://api.the-odds-api.com/v4/sports/baseball_mlb/odds,294,206,1
2026-07-22T16:48:34,https://api.the-odds-api.com/v4/sports/baseball_mlb/events,294,206,0
2026-07-22T16:48:34,https://api.the-odds-api.com/v4/sports/baseball_mlb/events/8291188eca889695bdbc42aac91ad1e5/odds,295,205,1
2026-07-22T16:48:34,https://api.the-odds-api.com/v4/sports/baseball_mlb/events/10ee5044193bffe8f24adf381ebde5ad/odds,296,204,1
2026-07-22T16:48:34,https://api.the-odds-api.com/v4/sports/baseball_mlb/events/a319064ad34e8e60220140acb9035af3/odds,297,203,1
2026-07-22T16:48:34,https://api.the-odds-api.com/v4/sports/baseball_mlb/events/a362299f25a2814e5b0e40d072bb782f/odds,298,202,1
2026-07-22T16:48:34,https://api.the-odds-api.com/v4/sports/baseball_mlb/events/fcc83e954b9e74964b190cb0e29366c7/odds,299,201,1
2026-07-22T16:48:34,https://api.the-odds-api.com/v4/sports/baseball_mlb/events/fe2c8918c10c47fffd27be962809d726/odds,300,200,1
2026-07-22T16:48:34,https://api.the-odds-api.com/v4/sports/baseball_mlb/events/5d1eeebcccadcfc65a1ae65709da7845/odds,301,199,1
2026-07-22T16:48:34,https://api.the-odds-api.com/v4/sports/baseball_mlb/events/9121395092ebe73ce8eaba439dc5be34/odds,302,198,1
2026-07-22T16:48:35,https://api.the-odds-api.com/v4/sports/baseball_mlb/events/111a955795876d50988b15c219ce0796/odds,303,197,1
2026-07-22T16:48:35,https://api.the-odds-api.com/v4/sports/baseball_mlb/events/be25eb82b82629d959c1e5ccb8dcc1e7/odds,304,196,1
2026-07-22T16:48:35,https://api.the-odds-api.com/v4/sports/baseball_mlb/events/825819c6eb7f33c306b094f49bcd9bb0/odds,305,195,1
2026-07-22T16:48:35,https://api.the-odds-api.com/v4/sports/baseball_mlb/events/b6df72e0280eb235fcca22cc3d3fc1ab/odds,306,194,1
2026-07-22T16:48:35,https://api.the-odds-api.com/v4/sports/baseball_mlb/events/e3d220f8bbf8ac99e58dbf7088695b59/odds,307,193,1
2026-07-22T16:48:35,https://api.the-odds-api.com/v4/sports/baseball_mlb/events/573a8d20a4ce1b6795f2e3ac8d30cae0/odds,308,192,1
2026-07-22T16:48:43,https://api.the-odds-api.com/v4/sports/baseball_mlb/odds,309,191,1
2026-07-22T17:03:56,https://api.the-odds-api.com/v4/sports/baseball_mlb/odds,310,190,1
2026-07-22T17:16:33,https://api.the-odds-api.com/v4/sports/baseball_mlb/odds,311,189,1
2026-07-22T17:49:54,https://api.the-odds-api.com/v4/sports/baseball_mlb/events,311,189,0
2026-07-22T17:49:54,https://api.the-odds-api.com/v4/sports/baseball_mlb/events/8291188eca889695bdbc42aac91ad1e5/odds,312,188,1
2026-07-22T17:49:54,https://api.the-odds-api.com/v4/sports/baseball_mlb/events/10ee5044193bffe8f24adf381ebde5ad/odds,313,187,1
2026-07-22T17:49:54,https://api.the-odds-api.com/v4/sports/baseball_mlb/events/a319064ad34e8e60220140acb9035af3/odds,314,186,1
2026-07-22T17:49:54,https://api.the-odds-api.com/v4/sports/baseball_mlb/events/a362299f25a2814e5b0e40d072bb782f/odds,315,185,1
2026-07-22T17:49:54,https://api.the-odds-api.com/v4/sports/baseball_mlb/events/fcc83e954b9e74964b190cb0e29366c7/odds,316,184,1
2026-07-22T17:49:55,https://api.the-odds-api.com/v4/sports/baseball_mlb/events/fe2c8918c10c47fffd27be962809d726/odds,317,183,1
2026-07-22T17:49:55,https://api.the-odds-api.com/v4/sports/baseball_mlb/events/5d1eeebcccadcfc65a1ae65709da7845/odds,318,182,1
2026-07-22T17:49:55,https://api.the-odds-api.com/v4/sports/baseball_mlb/events/9121395092ebe73ce8eaba439dc5be34/odds,319,181,1
2026-07-22T17:49:55,https://api.the-odds-api.com/v4/sports/baseball_mlb/events/111a955795876d50988b15c219ce0796/odds,320,180,1
2026-07-22T17:49:55,https://api.the-odds-api.com/v4/sports/baseball_mlb/events/be25eb82b82629d959c1e5ccb8dcc1e7/odds,321,179,1
2026-07-22T17:49:55,https://api.the-odds-api.com/v4/sports/baseball_mlb/events/825819c6eb7f33c306b094f49bcd9bb0/odds,322,178,1
2026-07-22T17:49:56,https://api.the-odds-api.com/v4/sports/baseball_mlb/events/b6df72e0280eb235fcca22cc3d3fc1ab/odds,323,177,1
2026-07-22T17:49:56,https://api.the-odds-api.com/v4/sports/baseball_mlb/events/e3d220f8bbf8ac99e58dbf7088695b59/odds,324,176,1
2026-07-22T17:49:56,https://api.the-odds-api.com/v4/sports/baseball_mlb/events/573a8d20a4ce1b6795f2e3ac8d30cae0/odds,325,175,1
2026-07-22T17:50:04,https://api.the-odds-api.com/v4/sports/baseball_mlb/odds,326,174,1
2026-07-22T18:05:18,https://api.the-odds-api.com/v4/sports/baseball_mlb/odds,327,173,1
2026-07-22T18:14:40,https://api.the-odds-api.com/v4/sports/baseball_mlb/odds,328,172,1
2026-07-22T18:24:08,https://api.the-odds-api.com/v4/sports/baseball_mlb/events,328,172,0
2026-07-22T18:24:08,https://api.the-odds-api.com/v4/sports/baseball_mlb/events/8291188eca889695bdbc42aac91ad1e5/odds,329,171,1
2026-07-22T18:24:08,https://api.the-odds-api.com/v4/sports/baseball_mlb/events/10ee5044193bffe8f24adf381ebde5ad/odds,330,170,1
2026-07-22T18:24:08,https://api.the-odds-api.com/v4/sports/baseball_mlb/events/a319064ad34e8e60220140acb9035af3/odds,331,169,1
2026-07-22T18:24:08,https://api.the-odds-api.com/v4/sports/baseball_mlb/events/a362299f25a2814e5b0e40d072bb782f/odds,332,168,1
2026-07-22T18:24:09,https://api.the-odds-api.com/v4/sports/baseball_mlb/events/fcc83e954b9e74964b190cb0e29366c7/odds,333,167,1
2026-07-22T18:24:09,https://api.the-odds-api.com/v4/sports/baseball_mlb/events/fe2c8918c10c47fffd27be962809d726/odds,334,166,1
2026-07-22T18:24:09,https://api.the-odds-api.com/v4/sports/baseball_mlb/events/5d1eeebcccadcfc65a1ae65709da7845/odds,335,165,1
2026-07-22T18:24:09,https://api.the-odds-api.com/v4/sports/baseball_mlb/events/9121395092ebe73ce8eaba439dc5be34/odds,336,164,1
2026-07-22T18:24:09,https://api.the-odds-api.com/v4/sports/baseball_mlb/events/111a955795876d50988b15c219ce0796/odds,337,163,1
2026-07-22T18:24:09,https://api.the-odds-api.com/v4/sports/baseball_mlb/events/be25eb82b82629d959c1e5ccb8dcc1e7/odds,338,162,1
2026-07-22T18:24:09,https://api.the-odds-api.com/v4/sports/baseball_mlb/events/825819c6eb7f33c306b094f49bcd9bb0/odds,339,161,1
2026-07-22T18:24:09,https://api.the-odds-api.com/v4/sports/baseball_mlb/events/b6df72e0280eb235fcca22cc3d3fc1ab/odds,340,160,1
2026-07-22T18:24:10,https://api.the-odds-api.com/v4/sports/baseball_mlb/events/e3d220f8bbf8ac99e58dbf7088695b59/odds,341,159,1
2026-07-22T18:24:10,https://api.the-odds-api.com/v4/sports/baseball_mlb/events/573a8d20a4ce1b6795f2e3ac8d30cae0/odds,342,158,1
2026-07-22T18:24:18,https://api.the-odds-api.com/v4/sports/baseball_mlb/odds,343,157,1
2026-07-22T18:26:22,https://api.the-odds-api.com/v4/sports/baseball_mlb/odds,344,156,1
2026-07-22T18:28:36,https://api.the-odds-api.com/v4/sports/baseball_mlb/odds,345,155,1
2026-07-23T16:24:47,https://api.the-odds-api.com/v4/sports/baseball_mlb/events,351,149,0
2026-07-23T16:24:48,https://api.the-odds-api.com/v4/sports/baseball_mlb/events/22fc220be6958e93fba4354054d8fd16/odds,352,148,1
2026-07-23T16:24:48,https://api.the-odds-api.com/v4/sports/baseball_mlb/events/5c7e77b42c0db49ce882d3c9473d74c1/odds,353,147,1
2026-07-23T16:24:48,https://api.the-odds-api.com/v4/sports/baseball_mlb/events/36ba7a8a8c46e8cc308c1dd037995889/odds,354,146,1
2026-07-23T16:24:48,https://api.the-odds-api.com/v4/sports/baseball_mlb/events/8e2411581a27c6dccd9eae0b233fe64c/odds,355,145,1
2026-07-23T16:24:48,https://api.the-odds-api.com/v4/sports/baseball_mlb/events/38d3052ec454022a14314b324e0ff5f3/odds,356,144,1
2026-07-23T16:24:54,https://api.the-odds-api.com/v4/sports/baseball_mlb/odds,357,143,1
2026-07-23T16:26:35,https://api.the-odds-api.com/v4/sports/baseball_mlb/odds,358,142,1
2026-07-23T16:28:16,https://api.the-odds-api.com/v4/sports/baseball_mlb/odds,359,141,1
2026-07-23T17:58:07,https://api.the-odds-api.com/v4/sports/baseball_mlb/events,359,141,0
2026-07-23T17:58:07,https://api.the-odds-api.com/v4/sports/baseball_mlb/events/22fc220be6958e93fba4354054d8fd16/odds,360,140,1
2026-07-23T17:58:07,https://api.the-odds-api.com/v4/sports/baseball_mlb/events/5c7e77b42c0db49ce882d3c9473d74c1/odds,361,139,1
2026-07-23T17:58:07,https://api.the-odds-api.com/v4/sports/baseball_mlb/events/36ba7a8a8c46e8cc308c1dd037995889/odds,362,138,1
2026-07-23T17:58:07,https://api.the-odds-api.com/v4/sports/baseball_mlb/events/8e2411581a27c6dccd9eae0b233fe64c/odds,363,137,1
2026-07-23T17:58:07,https://api.the-odds-api.com/v4/sports/baseball_mlb/events/38d3052ec454022a14314b324e0ff5f3/odds,364,136,1
2026-07-23T17:58:12,https://api.the-odds-api.com/v4/sports/baseball_mlb/odds,365,135,1
2026-07-23T18:00:17,https://api.the-odds-api.com/v4/sports/baseball_mlb/odds,366,134,1
2026-07-23T18:02:08,https://api.the-odds-api.com/v4/sports/baseball_mlb/odds,367,133,1
2026-07-24T12:22:30,https://api.the-odds-api.com/v4/sports/baseball_mlb/events,369,131,0
2026-07-24T12:22:31,https://api.the-odds-api.com/v4/sports/baseball_mlb/events/d7f4b3c3080d3f6612a4be54f7e0f798/odds,370,130,1
2026-07-24T12:22:31,https://api.the-odds-api.com/v4/sports/baseball_mlb/events/263aac2dfd923f6a65c5136418407715/odds,371,129,1
2026-07-24T12:22:31,https://api.the-odds-api.com/v4/sports/baseball_mlb/events/74d637de5babda95c445e8cf11c32a15/odds,372,128,1
2026-07-24T12:22:31,https://api.the-odds-api.com/v4/sports/baseball_mlb/events/12a8e27a29d44d46e10583c9c875e5f5/odds,373,127,1
2026-07-24T12:22:32,https://api.the-odds-api.com/v4/sports/baseball_mlb/events/5859ce305cb0ae65e5e7f771db28dcdd/odds,374,126,1
2026-07-24T12:22:32,https://api.the-odds-api.com/v4/sports/baseball_mlb/events/5dc243f04181b459d0cc18968be70660/odds,375,125,1
2026-07-24T12:22:32,https://api.the-odds-api.com/v4/sports/baseball_mlb/events/29437f5a0e0b0af43535ee03d438df64/odds,376,124,1
2026-07-24T12:22:32,https://api.the-odds-api.com/v4/sports/baseball_mlb/events/cee011b0978086fc2ebee48d455d495e/odds,377,123,1
2026-07-24T12:22:33,https://api.the-odds-api.com/v4/sports/baseball_mlb/events/6a85ed309a708411951843fe95d213bb/odds,378,122,1
2026-07-24T12:22:33,https://api.the-odds-api.com/v4/sports/baseball_mlb/events/7cb10d307b371751677d513fb168b3bd/odds,379,121,1
2026-07-24T12:22:33,https://api.the-odds-api.com/v4/sports/baseball_mlb/events/e25ed72c9f5c072ef60c242c29ccf1a3/odds,380,120,1
2026-07-24T12:22:40,https://api.the-odds-api.com/v4/sports/baseball_mlb/odds,381,119,1
2026-07-24T12:24:39,https://api.the-odds-api.com/v4/sports/baseball_mlb/odds,382,118,1
2026-07-24T12:27:21,https://api.the-odds-api.com/v4/sports/baseball_mlb/odds,383,117,1
2026-07-24T16:36:32,https://api.the-odds-api.com/v4/sports/baseball_mlb/events,383,117,0
2026-07-24T16:36:32,https://api.the-odds-api.com/v4/sports/baseball_mlb/events/d7f4b3c3080d3f6612a4be54f7e0f798/odds,384,116,1
2026-07-24T16:36:32,https://api.the-odds-api.com/v4/sports/baseball_mlb/events/263aac2dfd923f6a65c5136418407715/odds,385,115,1
2026-07-24T16:36:33,https://api.the-odds-api.com/v4/sports/baseball_mlb/events/74d637de5babda95c445e8cf11c32a15/odds,386,114,1
2026-07-24T16:36:33,https://api.the-odds-api.com/v4/sports/baseball_mlb/events/12a8e27a29d44d46e10583c9c875e5f5/odds,387,113,1
2026-07-24T16:36:33,https://api.the-odds-api.com/v4/sports/baseball_mlb/events/5859ce305cb0ae65e5e7f771db28dcdd/odds,388,112,1
2026-07-24T16:36:33,https://api.the-odds-api.com/v4/sports/baseball_mlb/events/5dc243f04181b459d0cc18968be70660/odds,389,111,1
2026-07-24T16:36:33,https://api.the-odds-api.com/v4/sports/baseball_mlb/events/29437f5a0e0b0af43535ee03d438df64/odds,390,110,1
2026-07-24T16:36:33,https://api.the-odds-api.com/v4/sports/baseball_mlb/events/cee011b0978086fc2ebee48d455d495e/odds,391,109,1
2026-07-24T16:36:33,https://api.the-odds-api.com/v4/sports/baseball_mlb/events/6a85ed309a708411951843fe95d213bb/odds,392,108,1
2026-07-24T16:36:33,https://api.the-odds-api.com/v4/sports/baseball_mlb/events/7cb10d307b371751677d513fb168b3bd/odds,393,107,1
2026-07-24T16:36:34,https://api.the-odds-api.com/v4/sports/baseball_mlb/events/e25ed72c9f5c072ef60c242c29ccf1a3/odds,394,106,1
2026-07-24T16:36:41,https://api.the-odds-api.com/v4/sports/baseball_mlb/odds,395,105,1
2026-07-24T16:38:35,https://api.the-odds-api.com/v4/sports/baseball_mlb/odds,396,104,1
2026-07-24T16:40:47,https://api.the-odds-api.com/v4/sports/baseball_mlb/odds,397,103,1
2026-07-24T18:05:09,https://api.the-odds-api.com/v4/sports/baseball_mlb/events,397,103,0
2026-07-24T18:05:09,https://api.the-odds-api.com/v4/sports/baseball_mlb/events/d7f4b3c3080d3f6612a4be54f7e0f798/odds,398,102,1
2026-07-24T18:05:09,https://api.the-odds-api.com/v4/sports/baseball_mlb/events/263aac2dfd923f6a65c5136418407715/odds,399,101,1
2026-07-24T18:05:09,https://api.the-odds-api.com/v4/sports/baseball_mlb/events/74d637de5babda95c445e8cf11c32a15/odds,400,100,1
2026-07-24T18:05:09,https://api.the-odds-api.com/v4/sports/baseball_mlb/events/12a8e27a29d44d46e10583c9c875e5f5/odds,401,99,1
2026-07-24T18:05:09,https://api.the-odds-api.com/v4/sports/baseball_mlb/events/5859ce305cb0ae65e5e7f771db28dcdd/odds,402,98,1
2026-07-24T18:05:09,https://api.the-odds-api.com/v4/sports/baseball_mlb/events/5dc243f04181b459d0cc18968be70660/odds,403,97,1
2026-07-24T18:05:10,https://api.the-odds-api.com/v4/sports/baseball_mlb/events/29437f5a0e0b0af43535ee03d438df64/odds,404,96,1
2026-07-24T18:05:10,https://api.the-odds-api.com/v4/sports/baseball_mlb/events/cee011b0978086fc2ebee48d455d495e/odds,405,95,1
2026-07-24T18:05:10,https://api.the-odds-api.com/v4/sports/baseball_mlb/events/6a85ed309a708411951843fe95d213bb/odds,406,94,1
2026-07-24T18:05:10,https://api.the-odds-api.com/v4/sports/baseball_mlb/events/7cb10d307b371751677d513fb168b3bd/odds,407,93,1
2026-07-24T18:05:10,https://api.the-odds-api.com/v4/sports/baseball_mlb/events/e25ed72c9f5c072ef60c242c29ccf1a3/odds,408,92,1
2026-07-24T18:05:17,https://api.the-odds-api.com/v4/sports/baseball_mlb/odds,409,91,1
2026-07-24T18:07:18,https://api.the-odds-api.com/v4/sports/baseball_mlb/odds,410,90,1
2026-07-24T18:09:23,https://api.the-odds-api.com/v4/sports/baseball_mlb/odds,411,89,1
2026-07-25T16:14:29,https://api.the-odds-api.com/v4/sports/baseball_mlb/events,421,79,0
2026-07-25T16:14:29,https://api.the-odds-api.com/v4/sports/baseball_mlb/events/6b06a4bf25ee92a7ac908981664ca759/odds,422,78,1
2026-07-25T16:14:29,https://api.the-odds-api.com/v4/sports/baseball_mlb/events/4d0a3e98e89c319342e1597db85fdb41/odds,423,77,1
2026-07-25T16:14:29,https://api.the-odds-api.com/v4/sports/baseball_mlb/events/fbf7e1c3dc649ffbc76604f37419e3d8/odds,424,76,1
2026-07-25T16:14:30,https://api.the-odds-api.com/v4/sports/baseball_mlb/events/e7cd26360ce2edd30f37cdfc01391fd5/odds,425,75,1
2026-07-25T16:14:30,https://api.the-odds-api.com/v4/sports/baseball_mlb/events/6713999ff416bdeecd85c7e84327602b/odds,426,74,1
2026-07-25T16:14:30,https://api.the-odds-api.com/v4/sports/baseball_mlb/events/ebada13102ac78459b266ff9c6e9d207/odds,427,73,1
2026-07-25T16:14:30,https://api.the-odds-api.com/v4/sports/baseball_mlb/events/6b50126f3d5d20aaeb5339572c025bf3/odds,428,72,1
2026-07-25T16:14:30,https://api.the-odds-api.com/v4/sports/baseball_mlb/events/cf3dedae37cf6426bfdf0b99237f1ba0/odds,429,71,1
2026-07-25T16:14:31,https://api.the-odds-api.com/v4/sports/baseball_mlb/events/45d79b3c7b013180e77cfe3675a85eb6/odds,430,70,1
2026-07-25T16:14:31,https://api.the-odds-api.com/v4/sports/baseball_mlb/events/18452193d8715008eccc60bd8b4204aa/odds,430,70,0
2026-07-25T16:14:31,https://api.the-odds-api.com/v4/sports/baseball_mlb/events/159efeea2dcd885c7cbe6edfea2f2603/odds,431,69,1
2026-07-25T16:14:31,https://api.the-odds-api.com/v4/sports/baseball_mlb/events/7d87987ec48dfc47ee32eab874f92200/odds,432,68,1
2026-07-25T16:14:31,https://api.the-odds-api.com/v4/sports/baseball_mlb/events/f1e238320de4aea5750434c876076d20/odds,433,67,1
2026-07-25T16:14:31,https://api.the-odds-api.com/v4/sports/baseball_mlb/events/d65c687b0748c456de9fbecd90808fe1/odds,434,66,1
2026-07-25T16:14:32,https://api.the-odds-api.com/v4/sports/baseball_mlb/events/87b76cce3c853cd42c5b4437b091cdc6/odds,435,65,1
2026-07-25T16:14:40,https://api.the-odds-api.com/v4/sports/baseball_mlb/odds,436,64,1
2026-07-25T16:16:05,https://api.the-odds-api.com/v4/sports/baseball_mlb/odds,437,63,1
2026-07-25T16:16:35,https://api.the-odds-api.com/v4/sports/baseball_mlb/odds,438,62,1
2026-07-25T21:13:46,https://api.the-odds-api.com/v4/sports/baseball_mlb/events,438,62,0
2026-07-25T21:13:46,https://api.the-odds-api.com/v4/sports/baseball_mlb/events/4d0a3e98e89c319342e1597db85fdb41/odds,439,61,1
2026-07-25T21:13:46,https://api.the-odds-api.com/v4/sports/baseball_mlb/events/fbf7e1c3dc649ffbc76604f37419e3d8/odds,440,60,1
2026-07-25T21:13:47,https://api.the-odds-api.com/v4/sports/baseball_mlb/events/e7cd26360ce2edd30f37cdfc01391fd5/odds,441,59,1
2026-07-25T21:13:47,https://api.the-odds-api.com/v4/sports/baseball_mlb/events/6713999ff416bdeecd85c7e84327602b/odds,442,58,1
2026-07-25T21:13:47,https://api.the-odds-api.com/v4/sports/baseball_mlb/events/ebada13102ac78459b266ff9c6e9d207/odds,443,57,1
2026-07-25T21:13:47,https://api.the-odds-api.com/v4/sports/baseball_mlb/events/6b50126f3d5d20aaeb5339572c025bf3/odds,444,56,1
2026-07-25T21:13:47,https://api.the-odds-api.com/v4/sports/baseball_mlb/events/cf3dedae37cf6426bfdf0b99237f1ba0/odds,445,55,1
2026-07-25T21:13:47,https://api.the-odds-api.com/v4/sports/baseball_mlb/events/45d79b3c7b013180e77cfe3675a85eb6/odds,446,54,1
2026-07-25T21:13:47,https://api.the-odds-api.com/v4/sports/baseball_mlb/events/18452193d8715008eccc60bd8b4204aa/odds,446,54,0
2026-07-25T21:13:48,https://api.the-odds-api.com/v4/sports/baseball_mlb/events/159efeea2dcd885c7cbe6edfea2f2603/odds,447,53,1
2026-07-25T21:13:48,https://api.the-odds-api.com/v4/sports/baseball_mlb/events/7d87987ec48dfc47ee32eab874f92200/odds,448,52,1
2026-07-25T21:13:48,https://api.the-odds-api.com/v4/sports/baseball_mlb/events/f1e238320de4aea5750434c876076d20/odds,449,51,1
2026-07-25T21:13:48,https://api.the-odds-api.com/v4/sports/baseball_mlb/events/d65c687b0748c456de9fbecd90808fe1/odds,450,50,1
2026-07-25T21:13:48,https://api.the-odds-api.com/v4/sports/baseball_mlb/events/87b76cce3c853cd42c5b4437b091cdc6/odds,451,49,1
2026-07-25T21:13:56,https://api.the-odds-api.com/v4/sports/baseball_mlb/odds,452,48,1
2026-07-25T21:14:01,https://api.the-odds-api.com/v4/sports/baseball_mlb/odds,453,47,1
2026-07-25T21:14:33,https://api.the-odds-api.com/v4/sports/baseball_mlb/odds,454,46,1
2026-07-26T14:14:37,https://api.the-odds-api.com/v4/sports/baseball_mlb/events,463,37,0
2026-07-26T14:14:37,https://api.the-odds-api.com/v4/sports/baseball_mlb/events/d651270eb53d061fc93a471f11c2f53d/odds,464,36,1
2026-07-26T14:14:37,https://api.the-odds-api.com/v4/sports/baseball_mlb/events/714c1847e9003da34be408b74dca72e3/odds,465,35,1
2026-07-26T14:14:37,https://api.the-odds-api.com/v4/sports/baseball_mlb/events/ce049001315d997fa2641116b7a1ede0/odds,466,34,1
2026-07-26T14:14:37,https://api.the-odds-api.com/v4/sports/baseball_mlb/events/48df7c31ab5c07dc2c7073170f193a8f/odds,467,33,1
2026-07-26T14:14:38,https://api.the-odds-api.com/v4/sports/baseball_mlb/events/458f1aad594ae5477de447c6d836a79d/odds,468,32,1
2026-07-26T14:14:38,https://api.the-odds-api.com/v4/sports/baseball_mlb/events/695de475f6a8dd1f205bda6ba50db0ee/odds,469,31,1
2026-07-26T14:14:38,https://api.the-odds-api.com/v4/sports/baseball_mlb/events/17b69aed6b1c1715ffbd01b155af848d/odds,470,30,1
2026-07-26T14:14:38,https://api.the-odds-api.com/v4/sports/baseball_mlb/events/3f5e40b78b4be8ec30a552f1081e4dc0/odds,471,29,1
2026-07-26T14:14:38,https://api.the-odds-api.com/v4/sports/baseball_mlb/events/a9c8aad6e31f322b330deb1a7fdd3eb3/odds,472,28,1
2026-07-26T14:14:39,https://api.the-odds-api.com/v4/sports/baseball_mlb/events/b61e67dbd760d186d865cc2ff013a7c0/odds,473,27,1
2026-07-26T14:14:39,https://api.the-odds-api.com/v4/sports/baseball_mlb/events/c66c0c97123e0bc5e1a3c1b170c9b269/odds,474,26,1
2026-07-26T14:14:39,https://api.the-odds-api.com/v4/sports/baseball_mlb/events/9064f61fe767dfa3c4a613a4f02250d3/odds,475,25,1
2026-07-26T14:14:39,https://api.the-odds-api.com/v4/sports/baseball_mlb/events/8eb22b9b7908e0cc06501501e79a4d17/odds,476,24,1
2026-07-26T14:14:39,https://api.the-odds-api.com/v4/sports/baseball_mlb/events/863fffb8c7bb8eba061b9c449d582054/odds,477,23,1
2026-07-26T14:14:39,https://api.the-odds-api.com/v4/sports/baseball_mlb/events/210e6566d3641ee245e8a099a1679244/odds,478,22,1
2026-07-26T14:14:46,https://api.the-odds-api.com/v4/sports/baseball_mlb/odds,479,21,1
2026-07-26T14:14:50,https://api.the-odds-api.com/v4/sports/baseball_mlb/odds,480,20,1
2026-07-26T14:15:17,https://api.the-odds-api.com/v4/sports/baseball_mlb/odds,481,19,1
2026-07-26T16:31:07,https://api.the-odds-api.com/v4/sports/baseball_mlb/events,481,19,0
2026-07-26T16:31:07,https://api.the-odds-api.com/v4/sports/baseball_mlb/events/d651270eb53d061fc93a471f11c2f53d/odds,482,18,1
2026-07-26T16:31:07,https://api.the-odds-api.com/v4/sports/baseball_mlb/events/714c1847e9003da34be408b74dca72e3/odds,483,17,1
2026-07-26T16:31:08,https://api.the-odds-api.com/v4/sports/baseball_mlb/events/ce049001315d997fa2641116b7a1ede0/odds,484,16,1
2026-07-26T16:31:08,https://api.the-odds-api.com/v4/sports/baseball_mlb/events/48df7c31ab5c07dc2c7073170f193a8f/odds,485,15,1
2026-07-26T16:31:08,https://api.the-odds-api.com/v4/sports/baseball_mlb/events/458f1aad594ae5477de447c6d836a79d/odds,486,14,1
2026-07-26T16:31:08,https://api.the-odds-api.com/v4/sports/baseball_mlb/events/695de475f6a8dd1f205bda6ba50db0ee/odds,487,13,1
2026-07-26T16:31:08,https://api.the-odds-api.com/v4/sports/baseball_mlb/events/17b69aed6b1c1715ffbd01b155af848d/odds,488,12,1
2026-07-26T16:31:08,https://api.the-odds-api.com/v4/sports/baseball_mlb/events/3f5e40b78b4be8ec30a552f1081e4dc0/odds,489,11,1
2026-07-26T16:31:08,https://api.the-odds-api.com/v4/sports/baseball_mlb/events/a9c8aad6e31f322b330deb1a7fdd3eb3/odds,490,10,1
2026-07-26T16:31:08,https://api.the-odds-api.com/v4/sports/baseball_mlb/events/b61e67dbd760d186d865cc2ff013a7c0/odds,491,9,1
2026-07-26T16:31:08,https://api.the-odds-api.com/v4/sports/baseball_mlb/events/c66c0c97123e0bc5e1a3c1b170c9b269/odds,492,8,1
2026-07-26T16:31:08,https://api.the-odds-api.com/v4/sports/baseball_mlb/events/9064f61fe767dfa3c4a613a4f02250d3/odds,493,7,1
2026-07-26T16:31:08,https://api.the-odds-api.com/v4/sports/baseball_mlb/events/8eb22b9b7908e0cc06501501e79a4d17/odds,494,6,1
2026-07-26T16:31:09,https://api.the-odds-api.com/v4/sports/baseball_mlb/events/863fffb8c7bb8eba061b9c449d582054/odds,495,5,1
2026-07-26T16:31:09,https://api.the-odds-api.com/v4/sports/baseball_mlb/events/210e6566d3641ee245e8a099a1679244/odds,496,4,1
2026-07-26T16:31:17,https://api.the-odds-api.com/v4/sports/baseball_mlb/odds,497,3,1
2026-07-26T16:31:21,https://api.the-odds-api.com/v4/sports/baseball_mlb/odds,498,2,1
2026-07-26T16:31:45,https://api.the-odds-api.com/v4/sports/baseball_mlb/odds,499,1,1
2026-08-01T16:29:54,https://api.the-odds-api.com/v4/sports/baseball_mlb/events,0,500,0
2026-08-01T16:29:55,https://api.the-odds-api.com/v4/sports/baseball_mlb/events/887515990979436aed352a22f6f8fdff/odds,1,499,1
2026-08-01T16:29:55,https://api.the-odds-api.com/v4/sports/baseball_mlb/events/2984d38103bf67fc68bc0fb23e98ad8e/odds,2,498,1
2026-08-01T16:29:55,https://api.the-odds-api.com/v4/sports/baseball_mlb/events/84746342d2944e433747b81eda041fa8/odds,3,497,1
2026-08-01T16:29:55,https://api.the-odds-api.com/v4/sports/baseball_mlb/events/2dba5e88d89d78ac32b8892ae2214bb9/odds,4,496,1
2026-08-01T16:29:55,https://api.the-odds-api.com/v4/sports/baseball_mlb/events/4cf22ff99815959994e2c4f8662d97bf/odds,5,495,1
2026-08-01T16:29:55,https://api.the-odds-api.com/v4/sports/baseball_mlb/events/8ad8229352651cf1b573f9ee834b57ac/odds,6,494,1
2026-08-01T16:29:56,https://api.the-odds-api.com/v4/sports/baseball_mlb/events/dae6d7e042dc64a28ea484408927af8c/odds,7,493,1
2026-08-01T16:29:56,https://api.the-odds-api.com/v4/sports/baseball_mlb/events/65f625f15ac20a0c9dd7905ac686d7aa/odds,8,492,1
2026-08-01T16:29:56,https://api.the-odds-api.com/v4/sports/baseball_mlb/events/07b62357ba8988490469a685727ecf38/odds,9,491,1
2026-08-01T16:29:56,https://api.the-odds-api.com/v4/sports/baseball_mlb/events/1a1c1a4c350d1fb71d29920db55c19f5/odds,10,490,1
2026-08-01T16:30:04,https://api.the-odds-api.com/v4/sports/baseball_mlb/odds,11,489,1
2026-08-01T16:30:08,https://api.the-odds-api.com/v4/sports/baseball_mlb/odds,12,488,1
2026-08-01T16:30:33,https://api.the-odds-api.com/v4/sports/baseball_mlb/odds,13,487,1
2026-08-02T16:29:42,https://api.the-odds-api.com/v4/sports/baseball_mlb/events,19,481,0
2026-08-02T16:29:42,https://api.the-odds-api.com/v4/sports/baseball_mlb/events/279531c847530b5f8dc9fa88594748e6/odds,20,480,1
2026-08-02T16:29:42,https://api.the-odds-api.com/v4/sports/baseball_mlb/events/0a83565a7c1b5059b188a176bf7ef21f/odds,21,479,1
2026-08-02T16:29:42,https://api.the-odds-api.com/v4/sports/baseball_mlb/events/2ee28b25d57aa155a35d9706065b4963/odds,22,478,1
2026-08-02T16:29:42,https://api.the-odds-api.com/v4/sports/baseball_mlb/events/93093742f035808566b727b495407df8/odds,23,477,1
2026-08-02T16:29:43,https://api.the-odds-api.com/v4/sports/baseball_mlb/events/47af60aedd60c2f453d5618c98f9a180/odds,24,476,1
2026-08-02T16:29:43,https://api.the-odds-api.com/v4/sports/baseball_mlb/events/65c026b0a2fdad67a6ebb83ff414a011/odds,25,475,1
2026-08-02T16:29:43,https://api.the-odds-api.com/v4/sports/baseball_mlb/events/42cc8ab6df88e7bec73eafe4f684cbb1/odds,26,474,1
2026-08-02T16:29:43,https://api.the-odds-api.com/v4/sports/baseball_mlb/events/5df20c738d76a47684394acb9ea9814e/odds,27,473,1
2026-08-02T16:29:44,https://api.the-odds-api.com/v4/sports/baseball_mlb/events/7cae5f89359f34f8e1b03d1c46f2c3d6/odds,28,472,1
2026-08-02T16:29:44,https://api.the-odds-api.com/v4/sports/baseball_mlb/events/c77232b741072d22e3c49926ff91c383/odds,29,471,1
2026-08-02T16:29:44,https://api.the-odds-api.com/v4/sports/baseball_mlb/events/76967dffaea1fac3dcec1e9edc62b85f/odds,30,470,1
2026-08-02T16:29:44,https://api.the-odds-api.com/v4/sports/baseball_mlb/events/f30a8fd0e01d631f6eaa1a3533faf544/odds,31,469,1
2026-08-02T16:29:44,https://api.the-odds-api.com/v4/sports/baseball_mlb/events/90e23149710c7c8f69e968ca8323f375/odds,32,468,1
2026-08-02T16:29:44,https://api.the-odds-api.com/v4/sports/baseball_mlb/events/436bf68ad25a5637c9bf15c85396514a/odds,33,467,1
2026-08-02T16:29:44,https://api.the-odds-api.com/v4/sports/baseball_mlb/events/9075e1d97a68d5244fa70607c57e266e/odds,34,466,1
2026-08-02T16:29:53,https://api.the-odds-api.com/v4/sports/baseball_mlb/odds,35,465,1
2026-08-02T16:29:57,https://api.the-odds-api.com/v4/sports/baseball_mlb/odds,36,464,1
2026-08-02T16:30:31,https://api.the-odds-api.com/v4/sports/baseball_mlb/odds,37,463,1
2026-08-03T19:00:20,https://api.the-odds-api.com/v4/sports/baseball_mlb/events,37,463,0
2026-08-03T19:00:20,https://api.the-odds-api.com/v4/sports/baseball_mlb/events/d5f05941c82f5ea7de7ee32d879c0d59/odds,38,462,1
2026-08-03T19:00:20,https://api.the-odds-api.com/v4/sports/baseball_mlb/events/74ae10226cb75552e9cb91f8488d161e/odds,39,461,1
2026-08-03T19:00:21,https://api.the-odds-api.com/v4/sports/baseball_mlb/events/de37e0dedc65578fdd76ba2fe3519038/odds,40,460,1
2026-08-03T19:00:26,https://api.the-odds-api.com/v4/sports/baseball_mlb/odds,41,459,1
2026-08-03T19:00:29,https://api.the-odds-api.com/v4/sports/baseball_mlb/odds,42,458,1
2026-08-03T19:00:43,https://api.the-odds-api.com/v4/sports/baseball_mlb/odds,43,457,1
2026-08-04T18:20:11,https://api.the-odds-api.com/v4/sports/baseball_mlb/events,46,454,0
2026-08-04T18:20:11,https://api.the-odds-api.com/v4/sports/baseball_mlb/events/fadc6a3080af39afc5de586f3e2945a3/odds,47,453,1
2026-08-04T18:20:12,https://api.the-odds-api.com/v4/sports/baseball_mlb/events/f79dec5ded280dbf4ef07225e03ccd7e/odds,48,452,1
2026-08-04T18:20:12,https://api.the-odds-api.com/v4/sports/baseball_mlb/events/c242db575b7b666cd549f31569266d89/odds,49,451,1
2026-08-04T18:20:12,https://api.the-odds-api.com/v4/sports/baseball_mlb/events/9d696e41666e6fc76dc4b83ced2e8996/odds,50,450,1
2026-08-04T18:20:12,https://api.the-odds-api.com/v4/sports/baseball_mlb/events/2279edd120dc52c88defa2a54e0e107d/odds,51,449,1
2026-08-04T18:20:12,https://api.the-odds-api.com/v4/sports/baseball_mlb/events/00828e81b6bef980ada2777528d99f93/odds,52,448,1
2026-08-04T18:20:12,https://api.the-odds-api.com/v4/sports/baseball_mlb/events/b78e7c3194121b22ad94556a6db3048c/odds,53,447,1
2026-08-04T18:20:12,https://api.the-odds-api.com/v4/sports/baseball_mlb/events/9981a2df41e94c5547e84ff3f9979beb/odds,54,446,1
2026-08-04T18:20:13,https://api.the-odds-api.com/v4/sports/baseball_mlb/events/9c77a3a4edfe3bf897bbe0330b1edbb7/odds,55,445,1
2026-08-04T18:20:22,https://api.the-odds-api.com/v4/sports/baseball_mlb/odds,56,444,1
2026-08-04T18:20:26,https://api.the-odds-api.com/v4/sports/baseball_mlb/odds,57,443,1
2026-08-04T18:20:50,https://api.the-odds-api.com/v4/sports/baseball_mlb/odds,58,442,1
2026-08-05T18:11:55,https://api.the-odds-api.com/v4/sports/baseball_mlb/events,65,435,0
2026-08-05T18:11:55,https://api.the-odds-api.com/v4/sports/baseball_mlb/events/62d92e8ecf4bb3be97f03a09925eaec3/odds,66,434,1
2026-08-05T18:11:55,https://api.the-odds-api.com/v4/sports/baseball_mlb/events/3c86d930d993bc3d18da99df6bc33038/odds,67,433,1
2026-08-05T18:11:56,https://api.the-odds-api.com/v4/sports/baseball_mlb/events/1af87dcd6b0633f04d74f0dea798bee9/odds,68,432,1
2026-08-05T18:11:56,https://api.the-odds-api.com/v4/sports/baseball_mlb/events/afe94dee1642445e86e426474b8e7dee/odds,69,431,1
2026-08-05T18:11:56,https://api.the-odds-api.com/v4/sports/baseball_mlb/events/fe0d956203b65ef42f68a6d324f8b922/odds,70,430,1
2026-08-05T18:11:56,https://api.the-odds-api.com/v4/sports/baseball_mlb/events/3cf7e6e67663cb95cf7840aeb10f3020/odds,71,429,1
2026-08-05T18:11:56,https://api.the-odds-api.com/v4/sports/baseball_mlb/events/6eed9689ad215fe5673360260ee19300/odds,72,428,1
2026-08-05T18:11:56,https://api.the-odds-api.com/v4/sports/baseball_mlb/events/abfd6c313f05e6a63db17ff99a71c76b/odds,73,427,1
2026-08-05T18:11:56,https://api.the-odds-api.com/v4/sports/baseball_mlb/events/2da70aefb8ce542046f6790787c32469/odds,74,426,1
2026-08-05T18:11:57,https://api.the-odds-api.com/v4/sports/baseball_mlb/events/1f3cb32a66435b66d77c6543ea984cc6/odds,75,425,1
2026-08-05T18:11:57,https://api.the-odds-api.com/v4/sports/baseball_mlb/events/13fc628a643df99823132352ed6779c6/odds,76,424,1
2026-08-05T18:11:57,https://api.the-odds-api.com/v4/sports/baseball_mlb/events/34a753d38dc147edbd4974784d1746a0/odds,77,423,1
2026-08-05T18:11:57,https://api.the-odds-api.com/v4/sports/baseball_mlb/events/fbdb4a62358d122e0acbb41bc889d778/odds,78,422,1
2026-08-05T18:12:04,https://api.the-odds-api.com/v4/sports/baseball_mlb/odds,79,421,1
2026-08-05T18:12:08,https://api.the-odds-api.com/v4/sports/baseball_mlb/odds,80,420,1
2026-08-05T18:12:35,https://api.the-odds-api.com/v4/sports/baseball_mlb/odds,81,419,1
2026-08-07T15:40:08,https://api.the-odds-api.com/v4/sports/baseball_mlb/events,88,412,0
2026-08-07T15:40:08,https://api.the-odds-api.com/v4/sports/baseball_mlb/events/b16edbe527767ab334db0995f39c8a5d/odds,89,411,1
2026-08-07T15:40:08,https://api.the-odds-api.com/v4/sports/baseball_mlb/events/de2d6836db4bc97363ff6663002a1226/odds,90,410,1
2026-08-07T15:40:08,https://api.the-odds-api.com/v4/sports/baseball_mlb/events/99fc4bfc698f7aa670b98139e490d1ff/odds,91,409,1
2026-08-07T15:40:08,https://api.the-odds-api.com/v4/sports/baseball_mlb/events/f21b26648f99c091191633eaa4b9d593/odds,92,408,1
2026-08-07T15:40:08,https://api.the-odds-api.com/v4/sports/baseball_mlb/events/91a75ec8bd4cdcae338a3b513e0ad681/odds,93,407,1
2026-08-07T15:40:09,https://api.the-odds-api.com/v4/sports/baseball_mlb/events/cd7a442939785b6d6b84212d352d5f62/odds,94,406,1
2026-08-07T15:40:09,https://api.the-odds-api.com/v4/sports/baseball_mlb/events/cad05e7cd27dfc1bc5a8301e34d64c33/odds,95,405,1
2026-08-07T15:40:09,https://api.the-odds-api.com/v4/sports/baseball_mlb/events/ed9fcfc2137fc652d961d19c318bc7be/odds,96,404,1
2026-08-07T15:40:16,https://api.the-odds-api.com/v4/sports/baseball_mlb/odds,97,403,1
2026-08-07T15:40:22,https://api.the-odds-api.com/v4/sports/baseball_mlb/odds,98,402,1
2026-08-07T15:40:45,https://api.the-odds-api.com/v4/sports/baseball_mlb/odds,99,401,1
2026-08-07T23:50:03,https://api.the-odds-api.com/v4/sports/baseball_mlb/events,107,393,0
2026-08-07T23:50:03,https://api.the-odds-api.com/v4/sports/baseball_mlb/events/f21b26648f99c091191633eaa4b9d593/odds,108,392,1
2026-08-07T23:50:03,https://api.the-odds-api.com/v4/sports/baseball_mlb/events/cad05e7cd27dfc1bc5a8301e34d64c33/odds,109,391,1
2026-08-07T23:50:03,https://api.the-odds-api.com/v4/sports/baseball_mlb/events/99fc4bfc698f7aa670b98139e490d1ff/odds,110,390,1
2026-08-07T23:50:04,https://api.the-odds-api.com/v4/sports/baseball_mlb/events/ed9fcfc2137fc652d961d19c318bc7be/odds,111,389,1
2026-08-07T23:50:04,https://api.the-odds-api.com/v4/sports/baseball_mlb/events/de2d6836db4bc97363ff6663002a1226/odds,112,388,1
2026-08-08T14:19:50,https://api.the-odds-api.com/v4/sports/baseball_mlb/events,112,388,0
2026-08-08T14:19:51,https://api.the-odds-api.com/v4/sports/baseball_mlb/events/5c292777a98d90d363d05f1ad9eb489d/odds,113,387,1
2026-08-08T14:19:51,https://api.the-odds-api.com/v4/sports/baseball_mlb/events/62272079b123c3878cf52a664914a57f/odds,114,386,1
2026-08-08T14:19:51,https://api.the-odds-api.com/v4/sports/baseball_mlb/events/60f49a7e49d759fbf523ceb66bc321c7/odds,115,385,1
2026-08-08T14:19:51,https://api.the-odds-api.com/v4/sports/baseball_mlb/events/1832664964f1aa706bdd77989f364361/odds,116,384,1
2026-08-08T14:19:51,https://api.the-odds-api.com/v4/sports/baseball_mlb/events/c70414f74d2d01667ec47d97408c9f83/odds,117,383,1
2026-08-08T14:19:51,https://api.the-odds-api.com/v4/sports/baseball_mlb/events/254ca63a4cce98af560e2a7fa7b64551/odds,118,382,1
2026-08-08T14:19:51,https://api.the-odds-api.com/v4/sports/baseball_mlb/events/f55697bcdc0241e9015625a0b5281355/odds,119,381,1
2026-08-08T14:19:51,https://api.the-odds-api.com/v4/sports/baseball_mlb/events/ac5e921307945f0cd2dcd651f4209604/odds,120,380,1
2026-08-08T14:19:52,https://api.the-odds-api.com/v4/sports/baseball_mlb/events/d9ec780336d9a4003b470398837385da/odds,121,379,1
2026-08-08T14:19:52,https://api.the-odds-api.com/v4/sports/baseball_mlb/events/33be2f3b18fff5a3f250b48a5980305d/odds,122,378,1
2026-08-08T14:19:52,https://api.the-odds-api.com/v4/sports/baseball_mlb/events/7d9e89063e6e0241bd42d8621d9a3aa8/odds,123,377,1
2026-08-08T14:19:52,https://api.the-odds-api.com/v4/sports/baseball_mlb/events/3ba899e2de8498870462a2bf41364384/odds,124,376,1
2026-08-08T14:19:52,https://api.the-odds-api.com/v4/sports/baseball_mlb/events/65088419b2bbe20536ff82ba4b8956c4/odds,125,375,1
2026-08-08T14:20:00,https://api.the-odds-api.com/v4/sports/baseball_mlb/odds,126,374,1
2026-08-08T14:20:05,https://api.the-odds-api.com/v4/sports/baseball_mlb/odds,127,373,1
2026-08-08T14:20:30,https://api.the-odds-api.com/v4/sports/baseball_mlb/odds,128,372,1
2026-08-08T23:03:38,https://api.the-odds-api.com/v4/sports/baseball_mlb/events,140,360,0
2026-08-08T23:03:39,https://api.the-odds-api.com/v4/sports/baseball_mlb/events/7d9e89063e6e0241bd42d8621d9a3aa8/odds,141,359,1
2026-08-08T23:03:39,https://api.the-odds-api.com/v4/sports/baseball_mlb/events/33be2f3b18fff5a3f250b48a5980305d/odds,142,358,1
2026-08-08T23:03:39,https://api.the-odds-api.com/v4/sports/baseball_mlb/events/65088419b2bbe20536ff82ba4b8956c4/odds,143,357,1
2026-08-08T23:03:39,https://api.the-odds-api.com/v4/sports/baseball_mlb/events/3ba899e2de8498870462a2bf41364384/odds,144,356,1
2026-08-08T23:03:39,https://api.the-odds-api.com/v4/sports/baseball_mlb/events/ac5e921307945f0cd2dcd651f4209604/odds,145,355,1
2026-08-08T23:03:40,https://api.the-odds-api.com/v4/sports/baseball_mlb/events/f55697bcdc0241e9015625a0b5281355/odds,146,354,1
2026-08-08T23:03:40,https://api.the-odds-api.com/v4/sports/baseball_mlb/events/d9ec780336d9a4003b470398837385da/odds,147,353,1
2026-08-08T23:03:40,https://api.the-odds-api.com/v4/sports/baseball_mlb/events/254ca63a4cce98af560e2a7fa7b64551/odds,148,352,1
2026-08-09T14:56:45,https://api.the-odds-api.com/v4/sports/baseball_mlb/events,148,352,0
2026-08-09T14:56:45,https://api.the-odds-api.com/v4/sports/baseball_mlb/events/fd748664266c10ada741bfb6caf0caaa/odds,149,351,1
2026-08-09T14:56:45,https://api.the-odds-api.com/v4/sports/baseball_mlb/events/4d813bba0ab81ed793aee02b1374e0dd/odds,150,350,1
2026-08-09T14:56:45,https://api.the-odds-api.com/v4/sports/baseball_mlb/events/daa4e04859053509cd5193e35c94fd0f/odds,151,349,1
2026-08-09T14:56:46,https://api.the-odds-api.com/v4/sports/baseball_mlb/events/3081c067af129c2354800a0fde3a3568/odds,152,348,1
2026-08-09T14:56:46,https://api.the-odds-api.com/v4/sports/baseball_mlb/events/8b5f6c697c629a56e47212f0e767cc15/odds,153,347,1
2026-08-09T14:56:46,https://api.the-odds-api.com/v4/sports/baseball_mlb/events/440c77bba5359e2f5581b4cc8db80c54/odds,154,346,1
2026-08-09T14:56:46,https://api.the-odds-api.com/v4/sports/baseball_mlb/events/d9bb4855e4ed5d8ae038db62356ed74f/odds,155,345,1
2026-08-09T14:56:46,https://api.the-odds-api.com/v4/sports/baseball_mlb/events/9787ffdc39d62ec33a07c7d40b78adee/odds,156,344,1
2026-08-09T14:56:47,https://api.the-odds-api.com/v4/sports/baseball_mlb/events/cace409c1c9708d449b8598e55ca9536/odds,157,343,1
2026-08-09T14:56:47,https://api.the-odds-api.com/v4/sports/baseball_mlb/events/6b6ba5b15bfaaa7ec8e1e6d5c8666468/odds,158,342,1
2026-08-09T14:56:47,https://api.the-odds-api.com/v4/sports/baseball_mlb/events/a7521ab1b3d33fa79e27498c47700cb4/odds,159,341,1
2026-08-09T14:56:47,https://api.the-odds-api.com/v4/sports/baseball_mlb/events/9e78ca8707c1e5012ccd30c142e37a40/odds,160,340,1
2026-08-09T14:56:47,https://api.the-odds-api.com/v4/sports/baseball_mlb/events/87469e2153fb7260dafc6c43a4ebee53/odds,161,339,1
2026-08-09T14:56:47,https://api.the-odds-api.com/v4/sports/baseball_mlb/events/aaff9f9ccf0ff2965b6e7fa5604c211d/odds,162,338,1
2026-08-09T14:56:55,https://api.the-odds-api.com/v4/sports/baseball_mlb/odds,163,337,1
2026-08-09T14:56:59,https://api.the-odds-api.com/v4/sports/baseball_mlb/odds,164,336,1
2026-08-09T14:57:31,https://api.the-odds-api.com/v4/sports/baseball_mlb/odds,165,335,1
2026-08-09T23:05:20,https://api.the-odds-api.com/v4/sports/baseball_mlb/events,165,335,0
2026-08-10T16:10:24,https://api.the-odds-api.com/v4/sports/baseball_mlb/events,165,335,0
2026-08-10T16:10:25,https://api.the-odds-api.com/v4/sports/baseball_mlb/events/af25489423425fb7619de2e178b46bc0/odds,166,334,1
2026-08-10T16:10:25,https://api.the-odds-api.com/v4/sports/baseball_mlb/events/4a90a077ddd83a66ffc796851a64a7ac/odds,167,333,1
2026-08-10T16:10:25,https://api.the-odds-api.com/v4/sports/baseball_mlb/events/253334441d4a57efddaf3e77f2c41ad4/odds,168,332,1
2026-08-10T16:10:25,https://api.the-odds-api.com/v4/sports/baseball_mlb/events/c255384aa44923f4efbe8a468688481e/odds,169,331,1
2026-08-10T16:10:31,https://api.the-odds-api.com/v4/sports/baseball_mlb/odds,170,330,1
2026-08-10T16:10:35,https://api.the-odds-api.com/v4/sports/baseball_mlb/odds,171,329,1
2026-08-10T16:10:52,https://api.the-odds-api.com/v4/sports/baseball_mlb/odds,172,328,1
2026-08-10T22:37:48,https://api.the-odds-api.com/v4/sports/baseball_mlb/events,176,324,0
2026-08-10T22:37:48,https://api.the-odds-api.com/v4/sports/baseball_mlb/events/c255384aa44923f4efbe8a468688481e/odds,177,323,1
2026-08-10T22:37:48,https://api.the-odds-api.com/v4/sports/baseball_mlb/events/4a90a077ddd83a66ffc796851a64a7ac/odds,178,322,1
2026-08-10T22:37:49,https://api.the-odds-api.com/v4/sports/baseball_mlb/events/af25489423425fb7619de2e178b46bc0/odds,179,321,1
2026-08-10T22:37:49,https://api.the-odds-api.com/v4/sports/baseball_mlb/events/253334441d4a57efddaf3e77f2c41ad4/odds,180,320,1
2026-08-11T14:13:33,https://api.the-odds-api.com/v4/sports/baseball_mlb/events,180,320,0
2026-08-11T14:13:33,https://api.the-odds-api.com/v4/sports/baseball_mlb/events/2acdb349dc48b0b151d3ecf05b134e88/odds,181,319,1
2026-08-11T14:13:33,https://api.the-odds-api.com/v4/sports/baseball_mlb/events/f0a09a749d56c0e6a61574359233e36a/odds,182,318,1
2026-08-11T14:13:33,https://api.the-odds-api.com/v4/sports/baseball_mlb/events/9032dbaaa6088fc03938418d3939db3c/odds,183,317,1
2026-08-11T14:13:33,https://api.the-odds-api.com/v4/sports/baseball_mlb/events/ecc0c12601956f4d4217883a9c7ca7ca/odds,184,316,1
2026-08-11T14:13:33,https://api.the-odds-api.com/v4/sports/baseball_mlb/events/9c82c4f0b33ba5e7ab520128ca969014/odds,185,315,1
2026-08-11T14:13:33,https://api.the-odds-api.com/v4/sports/baseball_mlb/events/6da2466049f8fac0d952ce018080b949/odds,186,314,1
2026-08-11T14:13:34,https://api.the-odds-api.com/v4/sports/baseball_mlb/events/08024ab4d6a4704a87dcd8fa1253890c/odds,187,313,1
2026-08-11T14:13:34,https://api.the-odds-api.com/v4/sports/baseball_mlb/events/bd7e76db673b0ad81d62b744ba2d18d1/odds,188,312,1
2026-08-11T14:13:34,https://api.the-odds-api.com/v4/sports/baseball_mlb/events/fc1d0b97ed35a31e5f1f60df77f6b377/odds,189,311,1
2026-08-11T14:13:40,https://api.the-odds-api.com/v4/sports/baseball_mlb/odds,190,310,1
2026-08-11T14:13:45,https://api.the-odds-api.com/v4/sports/baseball_mlb/odds,191,309,1
2026-08-11T14:14:06,https://api.the-odds-api.com/v4/sports/baseball_mlb/odds,192,308,1
2026-08-11T22:42:25,https://api.the-odds-api.com/v4/sports/baseball_mlb/events,201,299,0
2026-08-11T22:42:26,https://api.the-odds-api.com/v4/sports/baseball_mlb/events/2acdb349dc48b0b151d3ecf05b134e88/odds,202,298,1
2026-08-11T22:42:26,https://api.the-odds-api.com/v4/sports/baseball_mlb/events/ecc0c12601956f4d4217883a9c7ca7ca/odds,203,297,1
2026-08-11T22:42:26,https://api.the-odds-api.com/v4/sports/baseball_mlb/events/08024ab4d6a4704a87dcd8fa1253890c/odds,204,296,1
2026-08-11T22:42:26,https://api.the-odds-api.com/v4/sports/baseball_mlb/events/9032dbaaa6088fc03938418d3939db3c/odds,205,295,1
2026-08-11T22:42:26,https://api.the-odds-api.com/v4/sports/baseball_mlb/events/6da2466049f8fac0d952ce018080b949/odds,206,294,1
2026-08-11T22:42:26,https://api.the-odds-api.com/v4/sports/baseball_mlb/events/f0a09a749d56c0e6a61574359233e36a/odds,207,293,1
2026-08-11T22:42:26,https://api.the-odds-api.com/v4/sports/baseball_mlb/events/bd7e76db673b0ad81d62b744ba2d18d1/odds,208,292,1
2026-08-11T22:42:26,https://api.the-odds-api.com/v4/sports/baseball_mlb/events/fc1d0b97ed35a31e5f1f60df77f6b377/odds,209,291,1
2026-08-11T22:42:27,https://api.the-odds-api.com/v4/sports/baseball_mlb/events/9c82c4f0b33ba5e7ab520128ca969014/odds,210,290,1
2026-08-12T14:14:41,https://api.the-odds-api.com/v4/sports/baseball_mlb/events,210,290,0
2026-08-12T14:14:41,https://api.the-odds-api.com/v4/sports/baseball_mlb/events/382fb88aee61d73f9cc4f47fabd2c7e7/odds,211,289,1
2026-08-12T14:14:41,https://api.the-odds-api.com/v4/sports/baseball_mlb/events/99d0aa9944cae60f4cd020c7b883b0e9/odds,212,288,1
2026-08-12T14:14:41,https://api.the-odds-api.com/v4/sports/baseball_mlb/events/faaf742bd19eafaaa516aa4e78fa3900/odds,213,287,1
2026-08-12T14:14:42,https://api.the-odds-api.com/v4/sports/baseball_mlb/events/728cc32aaa264e0fe4b6cf664f88bf6e/odds,214,286,1
2026-08-12T14:14:42,https://api.the-odds-api.com/v4/sports/baseball_mlb/events/f29dc80a9001791b4c29705a39d2237f/odds,214,286,0
2026-08-12T14:14:42,https://api.the-odds-api.com/v4/sports/baseball_mlb/events/08b25f6a0f8cef91660f3825d3a5a34e/odds,215,285,1
2026-08-12T14:14:42,https://api.the-odds-api.com/v4/sports/baseball_mlb/events/e2e25c66df409559d9d80cd2f5c0583e/odds,216,284,1
2026-08-12T14:14:42,https://api.the-odds-api.com/v4/sports/baseball_mlb/events/f6f17db1f13670f04ec571027601d33c/odds,217,283,1
2026-08-12T14:14:42,https://api.the-odds-api.com/v4/sports/baseball_mlb/events/ef65849259f26e9d34360ce6755ee236/odds,218,282,1
2026-08-12T14:14:43,https://api.the-odds-api.com/v4/sports/baseball_mlb/events/0472808610b7bdd2a94311cb114e3c4a/odds,219,281,1
2026-08-12T14:14:43,https://api.the-odds-api.com/v4/sports/baseball_mlb/events/275215c7903b36c511b863b276f1010b/odds,220,280,1
2026-08-12T14:14:43,https://api.the-odds-api.com/v4/sports/baseball_mlb/events/19261384ae25b556afee649a8ebe7008/odds,221,279,1
2026-08-12T14:14:43,https://api.the-odds-api.com/v4/sports/baseball_mlb/events/e7c0a434cffb5f56a2446383ebb2e3ad/odds,222,278,1
2026-08-12T14:14:50,https://api.the-odds-api.com/v4/sports/baseball_mlb/odds,223,277,1
2026-08-12T14:14:54,https://api.the-odds-api.com/v4/sports/baseball_mlb/odds,224,276,1
2026-08-12T14:15:25,https://api.the-odds-api.com/v4/sports/baseball_mlb/odds,225,275,1
2026-08-12T22:41:13,https://api.the-odds-api.com/v4/sports/baseball_mlb/events,234,266,0
2026-08-12T22:41:14,https://api.the-odds-api.com/v4/sports/baseball_mlb/events/275215c7903b36c511b863b276f1010b/odds,235,265,1
2026-08-12T22:41:14,https://api.the-odds-api.com/v4/sports/baseball_mlb/events/e7c0a434cffb5f56a2446383ebb2e3ad/odds,236,264,1
2026-08-12T22:41:14,https://api.the-odds-api.com/v4/sports/baseball_mlb/events/0472808610b7bdd2a94311cb114e3c4a/odds,237,263,1
2026-08-12T22:41:14,https://api.the-odds-api.com/v4/sports/baseball_mlb/events/f6f17db1f13670f04ec571027601d33c/odds,238,262,1
2026-08-12T22:41:14,https://api.the-odds-api.com/v4/sports/baseball_mlb/events/ef65849259f26e9d34360ce6755ee236/odds,239,261,1
2026-08-12T22:41:15,https://api.the-odds-api.com/v4/sports/baseball_mlb/events/e2e25c66df409559d9d80cd2f5c0583e/odds,240,260,1
2026-08-13T14:16:27,https://api.the-odds-api.com/v4/sports/baseball_mlb/events,240,260,0
2026-08-13T14:16:27,https://api.the-odds-api.com/v4/sports/baseball_mlb/events/32dd5e1c6b71a610636cc0fb2087b9a4/odds,241,259,1
2026-08-13T14:16:27,https://api.the-odds-api.com/v4/sports/baseball_mlb/events/7f3d422253cc0ea2296a6cb920fc2186/odds,242,258,1
2026-08-13T14:16:27,https://api.the-odds-api.com/v4/sports/baseball_mlb/events/3e1c279359817c97e285db96732ef225/odds,243,257,1
2026-08-13T14:16:27,https://api.the-odds-api.com/v4/sports/baseball_mlb/events/7d03df008d15f138b3726ef4b85c983f/odds,244,256,1
2026-08-13T14:16:27,https://api.the-odds-api.com/v4/sports/baseball_mlb/events/3ed772c2f7f038e1b8d40c6a678ecc88/odds,245,255,1
2026-08-13T14:16:27,https://api.the-odds-api.com/v4/sports/baseball_mlb/events/41d927261a15c8d84075af83997d53c1/odds,246,254,1
2026-08-13T14:16:28,https://api.the-odds-api.com/v4/sports/baseball_mlb/events/9fa039b0c801332ed857fb145a2926b9/odds,247,253,1
2026-08-13T14:16:34,https://api.the-odds-api.com/v4/sports/baseball_mlb/odds,248,252,1
2026-08-13T14:16:38,https://api.the-odds-api.com/v4/sports/baseball_mlb/odds,249,251,1
2026-08-13T14:16:57,https://api.the-odds-api.com/v4/sports/baseball_mlb/odds,250,250,1
2026-08-13T22:42:06,https://api.the-odds-api.com/v4/sports/baseball_mlb/events,252,248,0
2026-08-13T22:42:06,https://api.the-odds-api.com/v4/sports/baseball_mlb/events/9fa039b0c801332ed857fb145a2926b9/odds,253,247,1
2026-08-14T14:09:20,https://api.the-odds-api.com/v4/sports/baseball_mlb/events,253,247,0
2026-08-14T14:09:21,https://api.the-odds-api.com/v4/sports/baseball_mlb/events/f3659cdd72f761a2763f92483ca59b6e/odds,254,246,1
2026-08-14T14:09:21,https://api.the-odds-api.com/v4/sports/baseball_mlb/events/2124d4bb5569819a30020e5b907ca202/odds,255,245,1
2026-08-14T14:09:21,https://api.the-odds-api.com/v4/sports/baseball_mlb/events/f444fb112bf67217921f1e1644fd0caa/odds,256,244,1
2026-08-14T14:09:21,https://api.the-odds-api.com/v4/sports/baseball_mlb/events/cb69b5e66b3d1c6129ed75513c2e5de0/odds,257,243,1
2026-08-14T14:09:21,https://api.the-odds-api.com/v4/sports/baseball_mlb/events/f1e49b28e98e693eaa5d5a27c58ece19/odds,257,243,0
2026-08-14T14:09:21,https://api.the-odds-api.com/v4/sports/baseball_mlb/events/5cda557da650854853e0c90e63ff83d9/odds,258,242,1
2026-08-14T14:09:21,https://api.the-odds-api.com/v4/sports/baseball_mlb/events/fb9bb261d69e161466f242e153b1044f/odds,259,241,1
2026-08-14T14:09:22,https://api.the-odds-api.com/v4/sports/baseball_mlb/events/66a0764c4800d42e293b62bbfed0c01f/odds,260,240,1
2026-08-14T14:09:22,https://api.the-odds-api.com/v4/sports/baseball_mlb/events/9f51cc216a43c5a0e0e91078754fffb5/odds,261,239,1
2026-08-14T14:09:29,https://api.the-odds-api.com/v4/sports/baseball_mlb/odds,262,238,1
2026-08-14T14:09:34,https://api.the-odds-api.com/v4/sports/baseball_mlb/odds,263,237,1
2026-08-14T14:10:01,https://api.the-odds-api.com/v4/sports/baseball_mlb/odds,264,236,1
2026-08-14T22:23:11,https://api.the-odds-api.com/v4/sports/baseball_mlb/events,269,231,0
2026-08-14T22:23:11,https://api.the-odds-api.com/v4/sports/baseball_mlb/events/5cda557da650854853e0c90e63ff83d9/odds,270,230,1
2026-08-14T22:23:12,https://api.the-odds-api.com/v4/sports/baseball_mlb/events/9f51cc216a43c5a0e0e91078754fffb5/odds,271,229,1
2026-08-14T22:23:12,https://api.the-odds-api.com/v4/sports/baseball_mlb/events/f444fb112bf67217921f1e1644fd0caa/odds,272,228,1
2026-08-14T22:23:12,https://api.the-odds-api.com/v4/sports/baseball_mlb/events/fb9bb261d69e161466f242e153b1044f/odds,273,227,1
2026-08-15T13:22:53,https://api.the-odds-api.com/v4/sports/baseball_mlb/events,273,227,0
2026-08-15T13:22:53,https://api.the-odds-api.com/v4/sports/baseball_mlb/events/cbbb7f035af8c6962dbaf7ef81ec594f/odds,274,226,1
2026-08-15T13:22:54,https://api.the-odds-api.com/v4/sports/baseball_mlb/events/62943d2963a59424707e551cf46e5987/odds,275,225,1
2026-08-15T13:22:54,https://api.the-odds-api.com/v4/sports/baseball_mlb/events/dbbb481a063336e996454ea669238bf7/odds,276,224,1
2026-08-15T13:22:54,https://api.the-odds-api.com/v4/sports/baseball_mlb/events/a9d5955568a03f0891eda9aba40a95f6/odds,277,223,1
2026-08-15T13:22:54,https://api.the-odds-api.com/v4/sports/baseball_mlb/events/79741766452af66a44a3ea604d9c3e43/odds,278,222,1
2026-08-15T13:22:54,https://api.the-odds-api.com/v4/sports/baseball_mlb/events/93719cc1bad0db5bf175f542387ea869/odds,279,221,1
2026-08-15T13:22:54,https://api.the-odds-api.com/v4/sports/baseball_mlb/events/5bab26a4a86845bfbf909f59a676a22a/odds,280,220,1
2026-08-15T13:22:54,https://api.the-odds-api.com/v4/sports/baseball_mlb/events/96401141a6a40b437d7e705946993a7b/odds,281,219,1
2026-08-15T13:22:54,https://api.the-odds-api.com/v4/sports/baseball_mlb/events/69928d29919a7b30493d93a7e4d73a32/odds,282,218,1
2026-08-15T13:22:54,https://api.the-odds-api.com/v4/sports/baseball_mlb/events/4cbeb5e491e3002fdaa00b7006777419/odds,283,217,1
2026-08-15T13:22:54,https://api.the-odds-api.com/v4/sports/baseball_mlb/events/d3dfabfdd39cb168285821d91a382724/odds,284,216,1
2026-08-15T13:22:55,https://api.the-odds-api.com/v4/sports/baseball_mlb/events/70b9a39a05a83f14d55b30a01b17396f/odds,285,215,1
2026-08-15T13:22:55,https://api.the-odds-api.com/v4/sports/baseball_mlb/events/229c4156bb02dc75dc6f247f5380c6ca/odds,286,214,1
2026-08-15T13:23:03,https://api.the-odds-api.com/v4/sports/baseball_mlb/odds,287,213,1
2026-08-15T13:23:07,https://api.the-odds-api.com/v4/sports/baseball_mlb/odds,288,212,1
2026-08-15T13:23:30,https://api.the-odds-api.com/v4/sports/baseball_mlb/odds,289,211,1
2026-08-15T22:22:06,https://api.the-odds-api.com/v4/sports/baseball_mlb/events,300,200,0
2026-08-15T22:22:06,https://api.the-odds-api.com/v4/sports/baseball_mlb/events/93719cc1bad0db5bf175f542387ea869/odds,301,199,1
2026-08-15T22:22:06,https://api.the-odds-api.com/v4/sports/baseball_mlb/events/69928d29919a7b30493d93a7e4d73a32/odds,302,198,1
2026-08-15T22:22:07,https://api.the-odds-api.com/v4/sports/baseball_mlb/events/4cbeb5e491e3002fdaa00b7006777419/odds,303,197,1
2026-08-15T22:22:07,https://api.the-odds-api.com/v4/sports/baseball_mlb/events/5bab26a4a86845bfbf909f59a676a22a/odds,304,196,1
2026-08-15T22:22:07,https://api.the-odds-api.com/v4/sports/baseball_mlb/events/229c4156bb02dc75dc6f247f5380c6ca/odds,305,195,1
2026-08-15T22:22:07,https://api.the-odds-api.com/v4/sports/baseball_mlb/events/70b9a39a05a83f14d55b30a01b17396f/odds,306,194,1
2026-08-15T22:22:07,https://api.the-odds-api.com/v4/sports/baseball_mlb/events/d3dfabfdd39cb168285821d91a382724/odds,307,193,1
2026-08-15T22:22:07,https://api.the-odds-api.com/v4/sports/baseball_mlb/events/96401141a6a40b437d7e705946993a7b/odds,308,192,1
2026-08-16T13:24:19,https://api.the-odds-api.com/v4/sports/baseball_mlb/events,308,192,0
2026-08-16T13:24:19,https://api.the-odds-api.com/v4/sports/baseball_mlb/events/2c36a75025232680270055f9dc17e6a1/odds,309,191,1
2026-08-16T13:24:20,https://api.the-odds-api.com/v4/sports/baseball_mlb/events/5284155e4abb961e855f8786e8ad3d51/odds,310,190,1
2026-08-16T13:24:20,https://api.the-odds-api.com/v4/sports/baseball_mlb/events/3da21002f25375898c7d03328e5a64b2/odds,311,189,1
2026-08-16T13:24:20,https://api.the-odds-api.com/v4/sports/baseball_mlb/events/43eaf8201a5f300983718f2c0ced6285/odds,312,188,1
2026-08-16T13:24:20,https://api.the-odds-api.com/v4/sports/baseball_mlb/events/b9ca059d2c11f42fa007c731af1dd7a2/odds,313,187,1
2026-08-16T13:24:20,https://api.the-odds-api.com/v4/sports/baseball_mlb/events/bfdc3a34aa130db7e4155b33b98a7c37/odds,314,186,1
2026-08-16T13:24:20,https://api.the-odds-api.com/v4/sports/baseball_mlb/events/35501cb39a66beda8aa7bc5e98bf37ca/odds,315,185,1
2026-08-16T13:24:20,https://api.the-odds-api.com/v4/sports/baseball_mlb/events/3a2403381633c75a1079d5ba12656cac/odds,316,184,1
2026-08-16T13:24:21,https://api.the-odds-api.com/v4/sports/baseball_mlb/events/1fb92c4b21dd10a8a1075a624ab98438/odds,317,183,1
2026-08-16T13:24:21,https://api.the-odds-api.com/v4/sports/baseball_mlb/events/4ac1d4b9642e9093871c7d439602a459/odds,318,182,1
2026-08-16T13:24:21,https://api.the-odds-api.com/v4/sports/baseball_mlb/events/7cbc2fdbcb76365df956f2fb706f3017/odds,319,181,1
2026-08-16T13:24:21,https://api.the-odds-api.com/v4/sports/baseball_mlb/events/79a6d874eef0ff0b65cd9e48cc4dd5d7/odds,320,180,1
2026-08-16T13:24:21,https://api.the-odds-api.com/v4/sports/baseball_mlb/events/79ee109acafadb327efea9802f800779/odds,321,179,1
2026-08-16T13:24:21,https://api.the-odds-api.com/v4/sports/baseball_mlb/events/4e61a59acf88cd455b2de1e25f9e81e2/odds,322,178,1
2026-08-16T13:24:21,https://api.the-odds-api.com/v4/sports/baseball_mlb/events/48a5944d0473c78bfacde374ade3a3bf/odds,323,177,1
2026-08-16T13:24:30,https://api.the-odds-api.com/v4/sports/baseball_mlb/odds,324,176,1
2026-08-16T13:24:34,https://api.the-odds-api.com/v4/sports/baseball_mlb/odds,325,175,1
2026-08-16T13:25:04,https://api.the-odds-api.com/v4/sports/baseball_mlb/odds,326,174,1
2026-08-16T22:21:16,https://api.the-odds-api.com/v4/sports/baseball_mlb/events,326,174,0
2026-08-16T22:21:16,https://api.the-odds-api.com/v4/sports/baseball_mlb/events/48a5944d0473c78bfacde374ade3a3bf/odds,327,173,1
2026-08-17T13:32:44,https://api.the-odds-api.com/v4/sports/baseball_mlb/events,327,173,0
2026-08-17T13:32:44,https://api.the-odds-api.com/v4/sports/baseball_mlb/events/837b77a12931b96e7f399811d7f8ca29/odds,328,172,1
2026-08-17T13:32:44,https://api.the-odds-api.com/v4/sports/baseball_mlb/events/cb1a188fc992ac519e4a6f5dc4cdd2ae/odds,329,171,1
2026-08-17T13:32:44,https://api.the-odds-api.com/v4/sports/baseball_mlb/events/d959d72a9bedf8bf352ced6c59eee454/odds,330,170,1
2026-08-17T13:32:44,https://api.the-odds-api.com/v4/sports/baseball_mlb/events/917d1a9786952f563f30186ce8a09731/odds,331,169,1
2026-08-17T13:32:44,https://api.the-odds-api.com/v4/sports/baseball_mlb/events/f7e02d88c3c8adff188802734b303bb7/odds,332,168,1
2026-08-17T13:32:45,https://api.the-odds-api.com/v4/sports/baseball_mlb/events/35b8e20be878e657d78dad6bea7642dc/odds,333,167,1
2026-08-17T13:32:45,https://api.the-odds-api.com/v4/sports/baseball_mlb/events/e8bcfb6024c2cbac0531a6a70933b0f0/odds,334,166,1
2026-08-17T13:32:45,https://api.the-odds-api.com/v4/sports/baseball_mlb/events/759827c86479e28994e9d71487062482/odds,335,165,1
2026-08-17T13:32:45,https://api.the-odds-api.com/v4/sports/baseball_mlb/events/50d18f8917581bd44447b6d3d754aaf4/odds,336,164,1
2026-08-17T13:32:51,https://api.the-odds-api.com/v4/sports/baseball_mlb/odds,337,163,1
2026-08-17T13:32:55,https://api.the-odds-api.com/v4/sports/baseball_mlb/odds,338,162,1
2026-08-17T13:33:10,https://api.the-odds-api.com/v4/sports/baseball_mlb/odds,339,161,1
2026-08-17T22:24:58,https://api.the-odds-api.com/v4/sports/baseball_mlb/events,347,153,0
2026-08-17T22:24:58,https://api.the-odds-api.com/v4/sports/baseball_mlb/events/759827c86479e28994e9d71487062482/odds,348,152,1
2026-08-17T22:24:59,https://api.the-odds-api.com/v4/sports/baseball_mlb/events/917d1a9786952f563f30186ce8a09731/odds,349,151,1
2026-08-17T22:24:59,https://api.the-odds-api.com/v4/sports/baseball_mlb/events/d959d72a9bedf8bf352ced6c59eee454/odds,350,150,1
2026-08-17T22:24:59,https://api.the-odds-api.com/v4/sports/baseball_mlb/events/f7e02d88c3c8adff188802734b303bb7/odds,351,149,1
2026-08-17T22:24:59,https://api.the-odds-api.com/v4/sports/baseball_mlb/events/cb1a188fc992ac519e4a6f5dc4cdd2ae/odds,352,148,1
2026-08-17T22:24:59,https://api.the-odds-api.com/v4/sports/baseball_mlb/events/50d18f8917581bd44447b6d3d754aaf4/odds,353,147,1
2026-08-17T22:25:00,https://api.the-odds-api.com/v4/sports/baseball_mlb/events/35b8e20be878e657d78dad6bea7642dc/odds,354,146,1
2026-08-17T22:25:00,https://api.the-odds-api.com/v4/sports/baseball_mlb/events/e8bcfb6024c2cbac0531a6a70933b0f0/odds,355,145,1
2026-08-18T13:35:32,https://api.the-odds-api.com/v4/sports/baseball_mlb/events,355,145,0
2026-08-18T13:35:33,https://api.the-odds-api.com/v4/sports/baseball_mlb/events/125ac4ae06bb1ca6b1fcc189bd321490/odds,356,144,1
2026-08-18T13:35:33,https://api.the-odds-api.com/v4/sports/baseball_mlb/events/62de22eed3e75e821935c107e38ad8a7/odds,357,143,1
2026-08-18T13:35:33,https://api.the-odds-api.com/v4/sports/baseball_mlb/events/97426b246e8d136206fdb82ae82d4e9c/odds,358,142,1
2026-08-18T13:35:33,https://api.the-odds-api.com/v4/sports/baseball_mlb/events/0dd445d18f48f0eb4d3bc0d4ee41011f/odds,359,141,1
2026-08-18T13:35:33,https://api.the-odds-api.com/v4/sports/baseball_mlb/events/a573344b838cf527e969e7065ee6a4e7/odds,360,140,1
2026-08-18T13:35:34,https://api.the-odds-api.com/v4/sports/baseball_mlb/events/8d5f120fc3ea67377d7def8efef256ea/odds,361,139,1
2026-08-18T13:35:34,https://api.the-odds-api.com/v4/sports/baseball_mlb/events/5f4869b56718214a6d125d5753923a20/odds,362,138,1
2026-08-18T13:35:34,https://api.the-odds-api.com/v4/sports/baseball_mlb/events/218c78582553292c5431be2af26fd240/odds,363,137,1
2026-08-18T13:35:34,https://api.the-odds-api.com/v4/sports/baseball_mlb/events/020653ceed65201c49a3b6e0c3f3cbec/odds,364,136,1
2026-08-18T13:35:34,https://api.the-odds-api.com/v4/sports/baseball_mlb/events/2e7a78600f125d7177fff8e02c0eff74/odds,365,135,1
2026-08-18T13:35:35,https://api.the-odds-api.com/v4/sports/baseball_mlb/events/8acf11194aaeaa43727f5637dc3bdd95/odds,366,134,1
2026-08-18T13:35:43,https://api.the-odds-api.com/v4/sports/baseball_mlb/odds,367,133,1
2026-08-18T13:35:47,https://api.the-odds-api.com/v4/sports/baseball_mlb/odds,368,132,1
2026-08-18T13:36:16,https://api.the-odds-api.com/v4/sports/baseball_mlb/odds,369,131,1
2026-08-18T22:24:21,https://api.the-odds-api.com/v4/sports/baseball_mlb/events,380,120,0
2026-08-18T22:24:21,https://api.the-odds-api.com/v4/sports/baseball_mlb/events/125ac4ae06bb1ca6b1fcc189bd321490/odds,381,119,1
2026-08-18T22:24:21,https://api.the-odds-api.com/v4/sports/baseball_mlb/events/218c78582553292c5431be2af26fd240/odds,382,118,1
2026-08-18T22:24:21,https://api.the-odds-api.com/v4/sports/baseball_mlb/events/5f4869b56718214a6d125d5753923a20/odds,383,117,1
2026-08-18T22:24:21,https://api.the-odds-api.com/v4/sports/baseball_mlb/events/a573344b838cf527e969e7065ee6a4e7/odds,384,116,1
2026-08-18T22:24:22,https://api.the-odds-api.com/v4/sports/baseball_mlb/events/8acf11194aaeaa43727f5637dc3bdd95/odds,385,115,1
2026-08-18T22:24:22,https://api.the-odds-api.com/v4/sports/baseball_mlb/events/020653ceed65201c49a3b6e0c3f3cbec/odds,386,114,1
2026-08-18T22:24:22,https://api.the-odds-api.com/v4/sports/baseball_mlb/events/0dd445d18f48f0eb4d3bc0d4ee41011f/odds,387,113,1
2026-08-18T22:24:22,https://api.the-odds-api.com/v4/sports/baseball_mlb/events/97426b246e8d136206fdb82ae82d4e9c/odds,388,112,1
2026-08-18T22:24:22,https://api.the-odds-api.com/v4/sports/baseball_mlb/events/2e7a78600f125d7177fff8e02c0eff74/odds,389,111,1
2026-08-18T22:24:22,https://api.the-odds-api.com/v4/sports/baseball_mlb/events/8d5f120fc3ea67377d7def8efef256ea/odds,390,110,1
2026-08-18T22:24:23,https://api.the-odds-api.com/v4/sports/baseball_mlb/events/62de22eed3e75e821935c107e38ad8a7/odds,391,109,1
2026-08-19T13:36:58,https://api.the-odds-api.com/v4/sports/baseball_mlb/events,391,109,0
2026-08-19T13:36:58,https://api.the-odds-api.com/v4/sports/baseball_mlb/events/c0a1041457ba1cf76c5f2a1ac9eb70bc/odds,392,108,1
2026-08-19T13:36:59,https://api.the-odds-api.com/v4/sports/baseball_mlb/events/68cb74d6a042f0c12d3b2e066f58bee6/odds,393,107,1
2026-08-19T13:36:59,https://api.the-odds-api.com/v4/sports/baseball_mlb/events/ebe3d5c684fd83932e02698e22564f7b/odds,394,106,1
2026-08-19T13:36:59,https://api.the-odds-api.com/v4/sports/baseball_mlb/events/ec29ed66bc94ca0ed1e04da3852002a4/odds,395,105,1
2026-08-19T13:36:59,https://api.the-odds-api.com/v4/sports/baseball_mlb/events/c33202230303d0e5a447c1ab406dbed5/odds,396,104,1
2026-08-19T13:36:59,https://api.the-odds-api.com/v4/sports/baseball_mlb/events/6d6d28fd44922349f17b60e2eb9dc487/odds,397,103,1
2026-08-19T13:36:59,https://api.the-odds-api.com/v4/sports/baseball_mlb/events/e1c63fd17f608a04657ea391d6e50645/odds,398,102,1
2026-08-19T13:36:59,https://api.the-odds-api.com/v4/sports/baseball_mlb/events/18f51290a26a4a37315eaba858f736c8/odds,399,101,1
2026-08-19T13:36:59,https://api.the-odds-api.com/v4/sports/baseball_mlb/events/d6738463ee902306e2e71f297603b26e/odds,400,100,1
2026-08-19T13:36:59,https://api.the-odds-api.com/v4/sports/baseball_mlb/events/891013ebeed8b3769cf5a80f9ff242a1/odds,401,99,1
2026-08-19T13:36:59,https://api.the-odds-api.com/v4/sports/baseball_mlb/events/118d9a25ad5e9070a57cf4cb0b5d0314/odds,402,98,1
2026-08-19T13:36:59,https://api.the-odds-api.com/v4/sports/baseball_mlb/events/3072a6e1e725ce3eaeb47ad41548628f/odds,403,97,1
2026-08-19T13:37:07,https://api.the-odds-api.com/v4/sports/baseball_mlb/odds,404,96,1
2026-08-19T13:37:11,https://api.the-odds-api.com/v4/sports/baseball_mlb/odds,405,95,1
2026-08-19T13:37:33,https://api.the-odds-api.com/v4/sports/baseball_mlb/odds,406,94,1
2026-08-19T22:25:10,https://api.the-odds-api.com/v4/sports/baseball_mlb/events,413,87,0
2026-08-19T22:25:10,https://api.the-odds-api.com/v4/sports/baseball_mlb/events/18f51290a26a4a37315eaba858f736c8/odds,414,86,1
2026-08-19T22:25:10,https://api.the-odds-api.com/v4/sports/baseball_mlb/events/e1c63fd17f608a04657ea391d6e50645/odds,415,85,1
2026-08-19T22:25:10,https://api.the-odds-api.com/v4/sports/baseball_mlb/events/6d6d28fd44922349f17b60e2eb9dc487/odds,416,84,1
2026-08-19T22:25:10,https://api.the-odds-api.com/v4/sports/baseball_mlb/events/d6738463ee902306e2e71f297603b26e/odds,417,83,1
2026-08-19T22:25:11,https://api.the-odds-api.com/v4/sports/baseball_mlb/events/891013ebeed8b3769cf5a80f9ff242a1/odds,418,82,1
2026-08-20T13:38:44,https://api.the-odds-api.com/v4/sports/baseball_mlb/events,418,82,0
2026-08-20T13:38:45,https://api.the-odds-api.com/v4/sports/baseball_mlb/events/48f1a38db4ac9c09c80dc35075975eff/odds,419,81,1
2026-08-20T13:38:45,https://api.the-odds-api.com/v4/sports/baseball_mlb/events/2b7408aef064f311c0be470b8f761505/odds,420,80,1
2026-08-20T13:38:45,https://api.the-odds-api.com/v4/sports/baseball_mlb/events/3bcf2e3b041524ff81a10ccac32db220/odds,421,79,1
2026-08-20T13:38:45,https://api.the-odds-api.com/v4/sports/baseball_mlb/events/0e5490a74e6eb5ea18cf0dc7b8cf02cd/odds,422,78,1
2026-08-20T13:38:45,https://api.the-odds-api.com/v4/sports/baseball_mlb/events/2c82819af0ca03e16d0c12dddcaaf31f/odds,423,77,1
2026-08-20T13:38:46,https://api.the-odds-api.com/v4/sports/baseball_mlb/events/f71617a2d08c1daac109bf9f87e7ddae/odds,424,76,1
2026-08-20T13:38:46,https://api.the-odds-api.com/v4/sports/baseball_mlb/events/4641a1b30b5bae3cfb30564156dc2003/odds,425,75,1
2026-08-20T13:38:53,https://api.the-odds-api.com/v4/sports/baseball_mlb/odds,426,74,1
2026-08-20T13:38:58,https://api.the-odds-api.com/v4/sports/baseball_mlb/odds,427,73,1
2026-08-20T13:39:21,https://api.the-odds-api.com/v4/sports/baseball_mlb/odds,428,72,1
2026-08-20T22:28:16,https://api.the-odds-api.com/v4/sports/baseball_mlb/events,430,70,0
2026-08-20T22:28:17,https://api.the-odds-api.com/v4/sports/baseball_mlb/events/4641a1b30b5bae3cfb30564156dc2003/odds,431,69,1
