mlbID,season,official_date,game_pk,ip,bf,so,bb,hr,er,pitches,is_home,opponent_team_id
518876,2026,2026-04-14,824853,5.1,24,3,4,1,2,86,False,110
518876,2026,2026-04-21,825099,4.1,26,5,3,3,8,101,True,145
518876,2026,2026-04-28,823798,5.0,24,1,5,1,5,104,False,158
518876,2026,2026-05-03,824687,4.1,24,5,3,1,6,92,False,112
518876,2026,2026-05-09,825089,7.0,26,6,3,0,1,96,True,121
518876,2026,2026-05-15,824360,9.0,31,3,0,1,1,100,False,115
518876,2026,2026-05-20,825084,6.0,26,4,0,1,3,85,True,137
518876,2026,2026-05-25,823219,7.0,26,4,2,0,2,96,False,137
518876,2026,2026-05-31,823133,5.1,27,2,2,2,2,97,False,136
518876,2026,2026-06-05,825073,5.0,25,4,3,3,7,85,True,120
518876,2026,2026-06-11,823855,6.0,23,1,2,0,2,74,False,146
518876,2026,2026-06-16,825070,5.1,27,4,1,2,6,88,True,108
518876,2026,2026-06-22,823040,6.0,26,2,3,0,3,96,False,138
518876,2026,2026-06-28,822959,6.0,27,3,2,3,5,93,False,139
518876,2026,2026-07-04,825063,5.0,25,6,2,1,2,92,True,158
543135,2026,2026-03-26,823486,4.2,22,7,0,2,5,80,False,143
543135,2026,2026-04-01,824860,4.0,23,5,3,1,6,88,False,110
543135,2026,2026-04-07,822916,6.0,26,7,2,1,2,93,True,136
543135,2026,2026-04-13,825024,7.0,26,7,2,0,0,84,False,133
543135,2026,2026-04-18,823151,5.0,25,3,1,1,2,95,False,136
543135,2026,2026-04-24,822909,6.0,25,3,1,4,6,86,True,133
543135,2026,2026-04-29,822907,7.0,26,7,1,0,0,102,True,147
543135,2026,2026-05-06,823550,8.0,27,8,0,1,1,101,False,147
543135,2026,2026-05-17,824192,7.0,27,8,2,0,0,94,False,117
543135,2026,2026-05-23,824030,7.0,29,6,2,1,3,97,False,108
543135,2026,2026-05-28,822896,7.0,27,6,2,2,5,90,True,117
543135,2026,2026-06-02,823052,6.0,31,7,1,1,4,93,False,138
543135,2026,2026-06-09,824105,5.2,23,3,3,1,4,88,False,118
543135,2026,2026-06-14,824751,7.0,26,6,1,2,3,94,False,111
543135,2026,2026-06-21,822883,6.0,25,9,1,0,3,94,True,135
543135,2026,2026-06-26,822796,7.0,26,9,1,0,0,92,False,141
543135,2026,2026-07-02,822884,5.0,22,9,1,2,3,85,True,116
608379,2026,2026-03-28,824945,6.0,20,7,1,0,0,80,False,144
608379,2026,2026-04-06,824456,7.0,26,3,3,1,1,102,False,114
608379,2026,2026-04-11,824129,8.0,28,7,1,0,0,88,True,145
608379,2026,2026-04-17,823559,6.0,24,6,3,1,2,97,False,147
608379,2026,2026-04-22,824123,5.1,25,5,2,1,6,89,True,110
608379,2026,2026-04-29,825015,5.0,25,5,4,1,4,105,False,133
608379,2026,2026-05-04,824120,7.0,26,3,1,1,2,79,True,114
608379,2026,2026-05-09,824115,7.0,27,6,2,0,0,89,True,116
608379,2026,2026-05-15,823061,6.0,23,5,1,2,3,87,False,138
608379,2026,2026-05-20,824111,6.0,25,8,2,0,1,105,True,111
608379,2026,2026-05-25,824107,7.0,27,5,2,1,2,93,True,147
608379,2026,2026-05-31,822895,5.0,26,5,4,0,6,82,False,140
608379,2026,2026-06-05,823699,5.2,25,2,0,1,4,77,False,142
608379,2026,2026-06-11,824101,7.0,29,2,1,1,4,102,True,140
608379,2026,2026-06-16,822723,6.0,26,3,1,0,3,90,False,120
608379,2026,2026-06-22,822964,7.0,27,5,1,0,1,99,False,139
608379,2026,2026-06-27,824581,7.2,29,7,1,0,1,105,False,145
608379,2026,2026-07-04,824092,6.0,26,7,1,3,4,105,True,143
608379,2026,2026-07-09,823606,4.2,23,5,3,1,6,104,False,121
621112,2026,2026-05-07,823551,1.0,5,0,2,0,0,24,True,140
621112,2026,2026-07-09,822954,2.0,8,3,0,1,1,35,False,139
640455,2026,2026-06-13,823616,6.0,22,6,0,1,2,84,True,144
640455,2026,2026-06-18,823448,5.1,23,5,1,0,2,95,False,143
640455,2026,2026-06-24,823611,3.0,19,4,2,0,3,86,True,112
640455,2026,2026-06-29,822792,5.2,23,4,2,0,2,90,False,141
640455,2026,2026-07-04,824903,5.0,24,4,1,2,3,108,False,144
640455,2026,2026-07-09,823606,7.0,26,6,1,2,2,97,True,118
641743,2026,2026-03-29,823810,4.2,21,5,4,1,2,92,False,158
641743,2026,2026-04-09,824130,5.2,24,6,2,0,0,100,False,118
641743,2026,2026-04-22,825097,3.2,22,1,3,2,8,92,False,109
641743,2026,2026-04-27,824609,4.0,22,2,2,0,4,90,True,108
641743,2026,2026-05-03,823307,5.0,21,5,1,2,2,86,False,135
641743,2026,2026-05-09,824606,5.0,20,5,2,0,0,88,True,136
641743,2026,2026-05-14,824602,6.0,27,4,2,0,2,97,True,118
641743,2026,2026-05-19,823136,5.1,22,5,3,0,1,89,False,136
641743,2026,2026-05-25,824598,6.0,24,5,1,1,1,94,True,142
641743,2026,2026-05-30,824593,5.0,22,3,1,1,1,84,True,116
641743,2026,2026-06-05,823455,4.0,21,4,2,2,6,87,False,143
641743,2026,2026-06-12,824588,5.0,22,7,1,0,2,89,True,119
641743,2026,2026-06-17,823536,4.0,21,2,1,1,4,86,False,147
641743,2026,2026-06-22,824585,6.0,24,8,2,0,0,101,True,114
641743,2026,2026-06-28,824580,3.2,21,2,1,0,3,73,True,118
641743,2026,2026-07-03,824417,4.0,14,2,2,0,1,48,False,114
641743,2026,2026-07-09,824577,5.1,22,4,2,1,2,92,True,111
641927,2026,2026-03-29,824864,4.0,17,1,1,1,3,56,False,110
641927,2026,2026-04-03,823732,4.0,18,4,2,0,3,82,True,139
641927,2026,2026-04-08,823726,5.2,24,2,1,0,2,99,True,116
641927,2026,2026-04-13,823725,6.0,26,7,1,1,4,95,True,111
641927,2026,2026-04-19,823718,6.1,26,10,4,0,0,102,True,113
641927,2026,2026-04-25,822989,6.0,22,3,2,1,2,83,False,139
641927,2026,2026-04-30,823714,6.0,24,2,2,1,1,88,True,141
641927,2026,2026-05-06,822740,5.0,23,3,2,1,5,82,False,120
641927,2026,2026-05-12,823712,9.0,29,7,0,0,0,89,True,146
641927,2026,2026-05-17,823708,5.0,23,1,2,2,3,77,True,158
641927,2026,2026-05-24,824759,5.0,22,3,0,2,4,82,False,111
641927,2026,2026-05-30,823375,4.2,27,3,1,3,7,97,False,134
641927,2026,2026-07-09,823683,5.0,19,5,1,1,1,74,True,114
656288,2026,2026-05-03,823307,5.0,19,7,3,1,1,73,True,145
656288,2026,2026-05-08,823303,4.1,22,5,2,0,6,83,True,138
656288,2026,2026-05-14,823789,1.2,14,2,4,0,6,64,False,158
656288,2026,2026-05-19,823302,5.0,20,5,1,1,3,72,True,119
656288,2026,2026-05-25,823296,6.2,24,5,3,2,3,97,True,143
656288,2026,2026-05-31,822729,5.0,21,3,2,2,3,77,False,120
656288,2026,2026-06-06,823292,5.0,19,6,2,0,1,86,True,121
656288,2026,2026-06-12,824826,5.0,24,6,5,2,7,93,False,110
656288,2026,2026-06-29,824662,4.1,20,3,2,0,2,75,False,112
656605,2026,2026-03-28,823651,6.0,21,3,0,0,0,77,False,121
656605,2026,2026-04-03,823406,6.0,26,4,4,0,2,88,True,110
656605,2026,2026-04-08,823403,6.0,22,4,1,0,0,75,True,135
656605,2026,2026-04-14,823398,4.0,21,3,4,1,5,90,True,120
656605,2026,2026-04-19,823393,7.0,25,5,0,0,2,89,True,139
656605,2026,2026-04-25,823799,5.0,22,6,2,0,3,93,False,158
656605,2026,2026-05-01,823389,7.0,26,6,1,0,1,104,True,113
656605,2026,2026-05-07,825090,6.0,23,4,2,1,2,84,False,109
656605,2026,2026-05-13,823386,5.2,24,3,1,1,6,80,True,115
656605,2026,2026-05-19,823059,5.2,22,3,1,1,4,83,False,138
656605,2026,2026-05-24,822813,6.0,25,5,3,0,1,101,False,141
656605,2026,2026-05-30,823375,4.0,23,5,1,0,7,77,True,142
656605,2026,2026-06-05,824914,4.2,25,4,3,1,6,99,False,144
656605,2026,2026-06-11,823371,4.0,24,3,4,1,5,98,True,119
656605,2026,2026-06-16,824991,5.1,24,7,4,1,1,96,False,133
656605,2026,2026-06-23,823365,6.0,26,4,1,2,3,92,True,136
656605,2026,2026-06-28,823362,6.0,23,4,1,0,3,79,True,113
656605,2026,2026-07-03,822714,6.0,26,1,0,3,5,83,False,120
656605,2026,2026-07-09,823359,3.0,15,3,2,1,3,72,True,144
656849,2026,2026-03-28,823651,5.1,25,3,2,0,0,76,True,134
656849,2026,2026-04-02,823242,4.1,24,5,2,0,5,68,False,137
656849,2026,2026-04-08,823646,5.0,23,6,2,0,5,85,True,109
656849,2026,2026-04-13,823964,5.0,25,7,4,1,4,89,False,119
656849,2026,2026-04-29,823633,3.2,19,5,3,0,7,80,True,120
656849,2026,2026-05-21,822733,5.0,22,3,3,0,1,82,False,120
656849,2026,2026-05-26,823624,5.0,26,4,3,0,6,90,True,113
656849,2026,2026-06-21,823449,4.0,20,5,2,1,4,79,False,143
656849,2026,2026-06-27,823770,5.2,20,2,0,1,2,69,False,158
656849,2026,2026-07-03,824659,3.2,23,3,3,1,10,91,True,138
656849,2026,2026-07-09,824816,5.0,20,2,4,1,1,77,False,110
656876,2026,2026-03-26,823081,5.0,20,2,0,1,1,73,False,138
656876,2026,2026-04-01,823806,5.0,20,8,1,1,1,89,False,158
656876,2026,2026-04-12,822998,6.0,19,7,0,0,0,76,True,147
656876,2026,2026-04-18,823394,3.2,15,3,2,2,4,64,False,134
656876,2026,2026-04-24,822992,6.0,24,6,1,1,1,98,True,142
656876,2026,2026-04-29,824445,5.0,24,6,1,0,2,91,False,114
656876,2026,2026-05-05,822986,6.0,25,5,1,1,3,85,True,141
656876,2026,2026-05-11,822818,6.0,23,6,1,1,3,100,False,141
656876,2026,2026-05-17,822982,5.1,24,2,2,0,2,93,True,146
656876,2026,2026-05-24,823544,7.0,24,6,1,0,0,92,False,147
656876,2026,2026-05-30,822975,4.0,18,4,2,1,5,70,True,108
656876,2026,2026-06-05,823860,7.0,22,9,0,0,0,87,False,146
656876,2026,2026-06-10,822970,7.0,24,13,1,0,0,97,True,111
656876,2026,2026-06-16,823939,7.0,26,7,0,1,1,102,False,119
656876,2026,2026-06-22,822964,6.0,24,5,2,0,2,90,True,118
656876,2026,2026-06-28,822959,6.0,24,5,1,0,0,99,True,109
656876,2026,2026-07-04,824171,5.0,22,2,1,2,5,77,False,117
656876,2026,2026-07-09,822954,2.1,14,2,0,1,6,61,True,147
660761,2026,2026-03-31,824942,3.2,18,6,3,0,4,66,True,133
663372,2026,2026-03-31,822836,3.0,11,4,1,0,0,47,False,141
663372,2026,2026-04-06,824376,5.1,24,1,2,1,4,70,True,117
663372,2026,2026-04-11,823316,4.0,21,4,3,2,6,82,False,135
663372,2026,2026-04-18,824372,5.2,23,5,1,2,2,87,True,119
663372,2026,2026-04-23,824368,2.0,9,3,1,0,2,40,True,135
663372,2026,2026-05-30,824352,6.0,20,2,0,0,0,63,True,137
663372,2026,2026-06-05,824350,6.0,22,4,2,0,1,81,True,158
663372,2026,2026-06-11,824346,4.1,20,3,3,1,6,75,True,112
663372,2026,2026-06-16,824667,4.2,23,7,3,1,2,104,False,112
663372,2026,2026-06-22,824344,6.0,25,2,4,0,2,93,True,111
663372,2026,2026-06-28,823686,6.0,22,0,0,1,1,82,False,142
663372,2026,2026-07-03,824336,6.0,24,9,0,1,2,88,True,137
663776,2026,2026-07-09,824577,4.1,19,5,1,0,1,65,False,145
663903,2026,2026-03-28,824540,4.0,20,5,2,1,3,74,True,111
663903,2026,2026-04-03,822919,5.0,22,5,1,0,2,87,False,140
663903,2026,2026-04-08,823885,2.2,17,3,0,1,5,73,False,146
663903,2026,2026-04-14,824531,6.0,25,1,0,1,1,75,True,137
663903,2026,2026-04-19,823718,6.0,26,2,4,0,3,104,False,142
663903,2026,2026-04-25,824527,5.1,24,3,0,2,2,94,True,116
663903,2026,2026-05-01,823389,3.1,19,1,2,2,4,56,False,134
663903,2026,2026-05-06,824683,6.0,25,6,1,1,4,96,False,112
663903,2026,2026-05-12,824521,3.2,18,2,1,3,3,75,True,120
663903,2026,2026-05-17,824436,4.0,20,6,1,3,5,86,False,114
663903,2026,2026-05-30,824513,5.0,22,2,4,2,3,94,True,144
663903,2026,2026-06-05,823049,4.0,20,6,3,1,1,89,False,138
663903,2026,2026-06-10,823287,6.0,24,5,1,0,2,95,False,135
663903,2026,2026-06-16,824504,5.0,22,5,3,0,1,91,True,121
663903,2026,2026-06-22,824502,7.0,25,7,2,0,0,106,True,158
663903,2026,2026-06-28,823362,4.1,24,6,0,2,5,98,False,134
663903,2026,2026-07-03,824498,5.0,21,6,5,1,2,93,True,110
664285,2026,2026-03-27,823324,6.0,25,5,1,0,1,83,False,135
664285,2026,2026-04-03,824299,6.0,24,5,2,0,0,91,True,138
664285,2026,2026-04-08,823726,5.0,29,2,2,0,8,87,False,142
664285,2026,2026-04-14,824292,7.0,26,1,2,0,1,87,True,118
664285,2026,2026-04-19,824777,6.0,23,7,2,1,1,98,False,111
664285,2026,2026-04-24,824529,4.1,21,4,5,1,2,89,False,113
664285,2026,2026-04-30,824929,6.0,25,8,0,0,2,99,False,144
664285,2026,2026-05-05,824281,3.0,22,3,1,3,7,60,True,111
664285,2026,2026-05-13,823631,6.2,28,7,2,0,2,106,False,121
664285,2026,2026-05-18,824277,5.0,23,3,4,0,4,89,True,114
664285,2026,2026-05-24,824839,6.0,22,5,2,1,1,92,False,110
664285,2026,2026-05-30,824593,6.2,27,4,2,1,4,89,False,145
664285,2026,2026-06-05,824271,5.0,22,5,2,0,1,102,True,136
664285,2026,2026-06-10,824266,5.0,23,2,2,2,4,75,True,142
664285,2026,2026-06-16,824182,6.0,27,6,3,0,0,92,False,117
664285,2026,2026-06-22,824261,6.0,24,8,2,0,1,94,True,147
664285,2026,2026-06-27,824257,6.0,26,2,0,1,4,88,True,117
664285,2026,2026-07-02,822884,5.0,26,1,2,1,5,87,False,140
666200,2026,2026-03-29,823487,6.0,25,7,1,2,6,99,True,140
666200,2026,2026-04-04,824378,6.2,24,11,0,0,1,99,False,115
666200,2026,2026-04-10,823482,4.2,22,8,3,0,5,86,True,109
666200,2026,2026-04-15,823477,5.1,27,4,1,1,8,98,True,112
666200,2026,2026-04-21,824690,4.2,24,3,4,0,1,100,False,112
666200,2026,2026-04-28,823473,7.0,23,8,0,0,0,88,True,137
666200,2026,2026-05-03,823875,6.1,27,10,0,1,2,102,False,146
666200,2026,2026-05-08,823466,3.0,18,6,3,1,5,95,True,115
666200,2026,2026-05-14,824762,6.0,23,4,1,0,0,92,False,111
666200,2026,2026-05-19,823464,6.0,23,5,2,0,2,95,True,113
666200,2026,2026-05-25,823296,6.0,24,6,2,0,0,104,False,135
666200,2026,2026-05-30,823945,5.1,25,6,2,0,2,95,False,119
666200,2026,2026-06-05,823455,6.0,27,2,2,3,5,90,True,145
666200,2026,2026-06-10,822804,5.2,24,8,4,0,1,96,False,141
666200,2026,2026-06-16,823451,7.0,28,9,2,1,2,106,True,146
666200,2026,2026-06-23,822718,6.2,28,13,3,0,1,104,False,120
666200,2026,2026-06-28,823608,5.0,22,6,3,0,1,96,False,121
666200,2026,2026-07-04,824092,6.0,23,9,0,0,1,95,False,118
668909,2026,2026-03-27,823162,5.0,22,7,6,1,3,89,False,136
668909,2026,2026-04-01,823970,7.0,23,10,3,0,0,85,False,119
668909,2026,2026-04-07,824457,5.2,22,8,5,1,1,102,True,118
668909,2026,2026-04-13,823073,5.0,22,4,2,1,2,93,False,138
668909,2026,2026-04-18,824451,7.0,26,11,1,1,1,100,True,110
668909,2026,2026-04-24,822827,6.0,27,4,2,2,6,96,False,141
668909,2026,2026-04-29,824445,7.2,29,9,0,0,0,95,True,139
668909,2026,2026-05-05,824119,6.0,27,7,2,2,5,97,False,118
668909,2026,2026-05-10,824440,6.0,27,6,1,0,5,101,True,142
668909,2026,2026-05-17,824436,6.0,25,7,0,1,2,93,True,113
668909,2026,2026-05-22,823461,8.0,27,11,0,0,0,99,False,143
668909,2026,2026-05-27,824432,7.0,26,4,2,0,1,94,True,120
668909,2026,2026-06-03,823540,5.1,21,6,1,2,3,96,False,147
668909,2026,2026-06-08,824427,5.0,21,5,3,2,3,90,True,147
668909,2026,2026-06-17,823774,5.0,24,4,2,2,7,87,False,158
668909,2026,2026-06-22,824585,5.0,20,8,1,0,2,95,False,145
668909,2026,2026-06-28,824422,5.0,25,6,3,0,2,103,True,136
668909,2026,2026-07-03,824417,4.2,20,6,2,1,3,79,True,145
668909,2026,2026-07-09,823683,7.0,26,11,1,1,2,103,False,142
669432,2026,2026-03-26,824865,7.0,27,5,4,0,0,88,True,142
669432,2026,2026-04-01,824860,6.0,24,3,1,0,2,91,True,140
669432,2026,2026-04-07,824618,6.0,25,6,0,0,2,101,False,145
669432,2026,2026-04-14,824853,4.2,22,6,1,1,4,99,True,109
669432,2026,2026-04-19,824452,5.0,24,5,2,2,5,95,False,114
669432,2026,2026-04-25,824851,1.2,11,2,2,0,3,62,True,111
669432,2026,2026-05-12,824843,4.0,21,3,3,2,6,73,True,147
669432,2026,2026-05-18,822980,3.2,22,3,2,0,7,88,False,139
669432,2026,2026-05-24,824840,4.2,20,2,2,1,4,90,True,116
669432,2026,2026-05-29,824835,6.0,24,3,1,2,4,84,True,141
669432,2026,2026-06-04,824753,5.2,22,3,1,0,1,87,False,111
669432,2026,2026-06-09,824830,5.2,24,3,1,1,3,97,True,136
669432,2026,2026-06-14,824823,6.0,24,4,2,0,2,82,True,135
669432,2026,2026-06-20,823937,7.0,23,6,2,0,0,96,False,119
669432,2026,2026-06-26,824824,6.1,24,7,0,0,1,87,True,120
669432,2026,2026-07-03,824498,5.0,22,4,5,0,0,93,False,113
669432,2026,2026-07-09,824816,6.0,23,4,2,1,1,89,True,112
669467,2026,2026-03-31,823077,5.0,21,3,3,0,0,88,True,121
669467,2026,2026-04-06,822755,5.0,22,2,4,0,2,88,False,120
669467,2026,2026-04-12,823075,5.0,27,2,1,1,6,95,True,111
669467,2026,2026-04-18,824206,5.0,21,5,3,1,1,87,False,117
669467,2026,2026-04-24,823069,5.1,23,8,3,1,3,90,True,136
669467,2026,2026-04-29,823392,6.0,24,6,0,1,1,91,False,134
669467,2026,2026-05-06,823063,6.0,27,3,2,1,5,104,True,158
669467,2026,2026-05-12,825011,5.0,21,4,3,0,3,85,False,133
669467,2026,2026-05-17,823058,6.2,27,7,0,1,1,99,True,118
669467,2026,2026-05-23,824518,6.0,20,3,1,1,1,93,False,113
669467,2026,2026-05-29,823055,3.0,18,3,1,1,4,75,True,112
669467,2026,2026-06-03,823051,5.2,23,5,2,0,1,85,True,140
669467,2026,2026-06-10,823618,6.0,24,5,2,1,2,93,False,121
669467,2026,2026-06-16,823045,7.0,24,6,0,0,2,92,True,135
669467,2026,2026-06-22,823040,6.0,24,2,0,0,1,85,True,109
669467,2026,2026-06-27,823038,6.2,28,4,1,0,5,98,True,146
669467,2026,2026-07-03,824659,5.2,24,2,1,0,0,102,False,112
672282,2026,2026-03-28,824213,4.2,21,9,0,0,3,95,False,117
672282,2026,2026-04-03,824056,6.2,26,4,4,0,0,104,True,136
672282,2026,2026-04-08,824050,4.1,22,4,2,1,5,92,True,144
672282,2026,2026-04-14,823562,7.0,25,9,0,0,1,99,False,147
672282,2026,2026-04-20,824046,6.0,26,5,2,1,4,90,True,141
672282,2026,2026-04-26,824122,5.0,21,5,1,1,3,93,False,118
672282,2026,2026-05-02,824042,6.1,27,8,0,0,3,95,True,121
672282,2026,2026-05-08,822822,3.2,20,3,6,0,2,99,False,141
672282,2026,2026-05-13,824438,5.2,25,6,2,1,2,102,False,114
672282,2026,2026-05-19,824033,5.2,27,8,2,0,8,92,True,133
672282,2026,2026-05-24,824028,8.0,25,14,0,1,1,96,True,140
672282,2026,2026-05-30,822975,5.0,23,7,3,1,3,92,False,139
672282,2026,2026-06-05,823943,6.0,21,6,2,0,0,91,False,119
672282,2026,2026-06-10,824022,7.0,22,9,0,1,1,89,True,117
672282,2026,2026-06-16,825070,7.0,24,3,0,0,0,90,False,109
672282,2026,2026-06-21,824987,6.0,27,4,4,0,5,90,False,133
672282,2026,2026-06-27,824015,5.2,24,8,3,1,2,99,True,133
672282,2026,2026-07-03,824013,5.0,26,5,3,1,5,104,True,111
676083,2026,2026-03-31,823888,4.1,19,5,1,0,2,79,True,145
676083,2026,2026-04-06,823886,7.1,28,3,1,1,2,87,True,113
676083,2026,2026-04-11,824294,5.0,22,4,2,1,4,99,False,116
676083,2026,2026-04-17,823883,5.1,24,3,2,0,3,93,True,158
676083,2026,2026-04-22,823878,5.0,17,2,1,0,0,56,True,138
676083,2026,2026-04-28,823956,6.0,23,4,1,0,0,76,False,119
676083,2026,2026-05-04,823874,5.1,22,6,0,1,1,92,True,143
676083,2026,2026-05-09,823869,6.0,26,6,2,1,4,94,True,120
676083,2026,2026-05-15,822983,5.2,28,4,3,2,7,100,False,139
676083,2026,2026-05-20,823866,5.0,23,3,0,2,8,86,True,144
676083,2026,2026-05-25,822812,5.0,23,3,0,0,1,93,False,141
682243,2026,2026-05-13,824195,5.1,25,3,1,1,2,81,False,117
682243,2026,2026-05-19,823136,5.2,19,7,1,0,0,72,True,145
682243,2026,2026-05-31,823133,5.0,17,6,1,0,0,71,True,109
682243,2026,2026-06-06,824269,6.0,20,9,2,0,0,94,False,116
682243,2026,2026-06-12,822726,8.0,26,7,0,2,2,91,False,120
682243,2026,2026-06-19,823124,5.0,16,7,0,1,1,66,True,111
682243,2026,2026-06-25,823366,5.2,22,11,0,2,3,90,False,134
682243,2026,2026-07-02,823119,7.0,24,8,0,0,0,90,True,108
687931,2026,2026-06-17,824913,5.0,23,2,2,0,2,85,False,144
693821,2026,2026-03-30,824943,6.0,23,5,1,0,0,83,True,133
693821,2026,2026-04-04,825104,7.0,24,8,1,0,0,89,False,109
693821,2026,2026-04-10,824941,4.2,21,3,3,1,2,76,True,114
693821,2026,2026-04-15,824936,5.2,23,7,2,0,0,79,True,146
693821,2026,2026-04-20,822749,6.2,27,6,2,1,3,98,False,120
693821,2026,2026-04-25,824933,7.0,28,2,1,0,3,92,True,143
693821,2026,2026-04-30,824929,6.0,26,5,3,0,1,90,True,116
693821,2026,2026-05-05,823142,6.0,23,9,3,1,2,93,False,136
693821,2026,2026-05-10,823954,5.2,22,8,4,0,0,83,False,119
693821,2026,2026-05-16,824924,8.0,32,3,0,1,3,103,True,111
693821,2026,2026-05-22,824922,6.0,24,4,1,1,1,87,True,120
693821,2026,2026-05-27,824756,3.1,20,1,1,0,5,59,False,111
693821,2026,2026-06-02,824918,6.2,27,6,1,1,3,103,True,141
693821,2026,2026-06-07,824916,6.0,22,4,2,1,2,88,True,134
693821,2026,2026-06-14,823615,4.0,24,2,2,2,6,75,False,121
693821,2026,2026-06-21,824908,6.0,32,6,2,1,8,95,True,158
693821,2026,2026-06-27,823207,4.0,17,4,1,2,5,69,False,137
693821,2026,2026-07-09,823359,4.0,20,3,2,3,3,69,False,134
701656,2026,2026-04-04,824134,2.0,9,3,1,0,2,35,False,118
701656,2026,2026-05-03,822742,6.0,21,8,0,0,2,76,False,120
701656,2026,2026-05-10,823793,5.0,19,5,1,1,2,74,True,147
701656,2026,2026-05-16,823706,5.0,22,7,1,1,1,84,False,142
701656,2026,2026-05-22,823788,5.0,19,7,3,0,0,85,True,119
519242,2026,2026-03-27,824946,6.0,23,6,3,0,0,88,True,118
519242,2026,2026-04-01,824940,6.0,19,3,0,1,1,79,True,133
519242,2026,2026-04-06,824052,4.0,21,7,2,2,6,77,False,108
519242,2026,2026-04-12,824938,6.0,26,6,1,1,1,97,True,114
519242,2026,2026-04-18,823474,7.0,26,7,1,1,1,101,False,143
519242,2026,2026-04-26,824934,6.0,22,9,2,0,0,100,True,143
519242,2026,2026-05-02,824365,7.0,27,11,3,0,1,102,False,115
519242,2026,2026-05-08,823957,7.0,27,7,0,1,2,102,False,119
519242,2026,2026-05-14,824926,6.0,25,8,2,0,0,100,True,112
519242,2026,2026-05-20,823866,7.0,25,8,0,0,1,96,False,146
519242,2026,2026-05-28,824757,5.0,24,8,3,0,2,96,False,111
519242,2026,2026-06-04,824919,5.2,29,6,2,0,3,108,True,141
519242,2026,2026-06-10,824590,5.2,25,6,1,0,2,103,False,145
519242,2026,2026-06-20,824909,5.2,23,7,1,0,0,101,True,158
519242,2026,2026-06-28,823204,6.0,26,10,1,0,1,94,False,137
519242,2026,2026-07-04,824903,5.0,24,3,2,2,3,98,True,121
592662,2026,2026-03-27,823243,5.1,21,4,0,1,2,89,True,147
592662,2026,2026-04-02,823242,5.1,22,7,3,1,2,96,True,121
592662,2026,2026-04-07,823235,6.2,26,7,3,0,0,109,True,143
592662,2026,2026-04-14,824531,5.0,19,6,4,2,2,94,False,113
592662,2026,2026-04-19,822750,6.0,26,7,1,1,3,93,False,120
592662,2026,2026-04-25,823229,5.0,21,4,3,0,1,97,True,146
592662,2026,2026-05-01,822990,6.1,22,5,0,2,3,102,False,139
592662,2026,2026-05-08,823225,6.0,23,7,4,1,1,93,True,134
592662,2026,2026-05-13,823952,4.2,23,2,2,2,3,95,False,119
592662,2026,2026-05-18,825087,4.1,26,1,2,2,9,84,False,109
592662,2026,2026-05-24,823220,4.0,21,3,7,1,4,92,True,145
592662,2026,2026-05-31,824354,4.0,19,6,2,0,1,96,False,115
592662,2026,2026-06-05,824673,5.0,21,4,5,0,0,97,False,112
592662,2026,2026-06-10,823215,5.2,24,3,0,1,5,93,True,120
592662,2026,2026-06-23,823210,8.0,29,6,4,0,0,102,True,133
592662,2026,2026-06-28,823204,8.0,30,2,1,0,0,95,True,144
592662,2026,2026-07-04,824334,6.0,24,4,3,1,3,88,False,115
593958,2026,2026-03-28,823973,5.0,20,5,2,0,0,79,False,119
593958,2026,2026-04-03,825103,7.0,26,3,1,0,0,90,True,144
593958,2026,2026-04-09,823645,6.0,25,3,2,1,1,102,False,121
593958,2026,2026-04-15,824855,5.0,25,3,4,1,4,98,False,110
593958,2026,2026-04-22,825097,5.0,24,4,3,2,4,96,True,145
593958,2026,2026-04-29,823796,4.2,23,4,4,0,2,87,False,158
593958,2026,2026-05-05,825092,7.0,26,7,3,0,0,103,True,134
593958,2026,2026-05-10,825085,8.1,31,4,3,0,1,100,True,121
593958,2026,2026-05-16,824359,5.1,23,6,0,0,3,91,False,115
593958,2026,2026-05-21,825083,7.0,24,4,1,0,0,99,True,115
593958,2026,2026-05-26,823216,6.0,25,6,2,1,2,94,False,137
593958,2026,2026-06-01,825078,6.0,24,3,1,0,1,96,True,119
593958,2026,2026-06-06,825075,6.1,25,5,1,2,4,92,True,120
593958,2026,2026-06-12,824507,2.2,15,3,5,1,1,85,False,113
593958,2026,2026-06-17,825072,7.0,27,5,3,1,1,100,True,108
593958,2026,2026-06-23,823043,6.2,25,5,3,0,0,95,False,138
593958,2026,2026-06-29,825065,7.0,26,1,0,0,1,91,True,137
593958,2026,2026-07-05,825061,6.0,23,3,0,1,2,102,True,158
615698,2026,2026-06-23,823849,2.0,9,1,0,1,1,34,False,146
615698,2026,2026-06-27,822794,4.0,15,5,1,0,0,55,False,141
615698,2026,2026-07-04,822882,5.0,21,2,1,1,2,66,True,116
660271,2026,2026-03-31,823969,6.0,23,6,3,0,0,87,True,114
660271,2026,2026-04-08,822833,6.0,24,2,1,0,0,96,False,141
660271,2026,2026-04-15,823963,6.0,22,10,2,0,1,95,True,121
660271,2026,2026-04-22,823231,6.0,23,7,0,0,0,91,False,137
660271,2026,2026-04-28,823956,6.0,27,9,3,0,1,104,True,146
660271,2026,2026-05-05,824200,7.0,26,8,0,2,2,89,False,117
660271,2026,2026-05-13,823952,7.0,26,8,2,0,0,105,True,137
660271,2026,2026-05-20,823299,5.0,19,4,2,0,0,88,False,135
660271,2026,2026-05-27,823947,6.0,23,7,4,0,1,99,True,115
660271,2026,2026-06-03,825077,6.0,20,6,1,0,0,89,False,109
660271,2026,2026-06-10,823372,6.2,29,6,3,1,3,102,False,134
660271,2026,2026-06-17,823940,6.0,27,5,1,0,4,91,True,139
660271,2026,2026-06-24,823691,6.0,24,8,2,0,2,89,False,142
660271,2026,2026-07-03,823933,6.0,27,9,2,1,3,110,True,135
669456,2026,2026-06-23,822799,3.2,19,2,0,3,4,75,True,117
669456,2026,2026-06-28,822795,5.1,24,4,4,1,2,92,True,140
669456,2026,2026-07-04,823118,4.0,21,3,3,2,7,89,False,136
676664,2026,2026-06-24,823284,5.2,25,5,2,1,2,81,True,144
676664,2026,2026-06-30,824661,4.2,25,4,3,3,6,95,False,112
676664,2026,2026-07-05,823931,5.0,17,5,2,0,0,76,False,119
680570,2026,2026-05-17,824034,3.2,21,4,4,0,7,79,True,119
680570,2026,2026-05-22,824029,5.2,25,5,2,1,4,97,True,140
680570,2026,2026-05-28,824272,5.0,19,5,2,1,1,88,False,116
680570,2026,2026-06-02,824026,3.2,21,3,3,2,7,91,True,115
680570,2026,2026-06-08,824025,5.1,25,6,2,0,2,92,True,117
680570,2026,2026-06-14,824021,2.1,12,1,2,0,2,47,True,139
680732,2026,2026-03-28,823811,4.0,20,5,1,0,3,91,False,158
680732,2026,2026-04-08,824617,5.0,20,3,2,0,2,92,True,110
680732,2026,2026-04-15,824615,5.1,25,2,3,2,4,92,True,139
680732,2026,2026-04-21,825099,6.0,22,3,1,1,2,101,False,109
680732,2026,2026-05-02,823308,6.0,23,8,1,0,0,88,False,135
680732,2026,2026-05-08,824607,4.1,23,4,2,2,6,74,True,136
680732,2026,2026-05-15,824601,4.1,23,5,1,0,4,91,True,112
680732,2026,2026-05-20,823134,4.2,22,5,3,0,2,83,False,136
680732,2026,2026-05-26,824597,7.0,25,8,2,0,2,100,True,142
680732,2026,2026-05-31,824592,5.1,21,6,2,0,1,93,True,116
680732,2026,2026-06-13,824587,4.0,22,6,5,2,4,92,True,119
680732,2026,2026-06-23,824584,6.1,26,6,1,1,1,90,True,114
680732,2026,2026-06-29,824822,5.1,23,8,3,0,2,89,False,110
680732,2026,2026-07-04,824415,6.0,24,11,0,1,1,95,False,114
681517,2026,2026-03-30,823080,5.0,24,1,2,0,4,79,True,121
681517,2026,2026-04-05,824296,5.0,23,4,3,1,2,97,False,116
681517,2026,2026-04-11,823074,4.0,17,2,3,0,2,71,True,111
681517,2026,2026-04-17,824207,5.0,22,6,0,3,3,83,False,117
681517,2026,2026-04-22,823878,5.0,25,2,3,0,4,89,False,146
681517,2026,2026-04-28,823390,5.1,23,7,0,2,3,82,False,134
681517,2026,2026-05-04,823064,5.1,25,5,2,0,1,94,True,158
681517,2026,2026-05-10,823305,5.0,21,5,4,0,0,95,False,135
681517,2026,2026-05-16,823060,6.0,25,2,3,0,1,90,True,118
681517,2026,2026-05-23,824516,5.0,24,8,2,2,5,87,False,113
681517,2026,2026-05-30,823054,4.1,21,4,0,0,1,78,True,112
681517,2026,2026-06-05,823049,4.0,19,1,2,0,3,79,True,113
681517,2026,2026-06-12,823695,5.0,22,5,1,1,4,77,False,142
681517,2026,2026-06-17,823044,6.0,24,7,1,0,3,81,True,135
681517,2026,2026-06-23,823043,6.1,23,3,2,0,0,85,True,109
681517,2026,2026-06-28,823037,5.0,20,5,3,0,1,87,True,146
681517,2026,2026-07-04,824658,5.0,20,6,2,0,0,77,False,112
682052,2026,2026-03-30,824943,4.0,22,0,5,0,3,91,False,144
682052,2026,2026-04-05,825025,4.1,21,6,5,1,3,92,True,117
682052,2026,2026-04-11,823644,5.0,25,5,3,2,5,96,False,121
682052,2026,2026-04-16,825023,5.0,22,5,4,0,2,85,True,140
682052,2026,2026-04-21,823148,5.1,24,1,2,1,2,86,False,136
682052,2026,2026-05-02,825014,5.1,25,5,1,2,6,96,True,114
682052,2026,2026-05-08,824846,5.1,21,5,2,2,2,91,False,110
682052,2026,2026-05-14,825008,5.0,23,2,3,2,2,86,True,138
682052,2026,2026-05-19,824033,3.2,21,2,3,1,4,83,False,108
682052,2026,2026-05-31,825001,2.0,13,3,2,0,7,56,True,147
685299,2026,2026-05-25,823948,5.0,21,3,1,0,1,80,False,119
685299,2026,2026-05-31,824354,3.0,17,2,1,0,4,75,True,137
685299,2026,2026-06-30,824338,5.0,24,4,0,1,5,74,True,146
685299,2026,2026-07-05,824333,5.0,23,7,2,4,5,94,True,137
686613,2026,2026-03-26,824218,4.2,22,9,4,0,0,102,True,108
686613,2026,2026-03-31,824212,6.0,21,8,2,0,1,78,True,111
686613,2026,2026-06-16,824182,5.2,21,7,3,0,1,92,True,116
686613,2026,2026-06-22,822800,3.0,17,4,2,1,1,85,False,141
686613,2026,2026-06-28,824256,6.0,25,4,2,1,2,103,False,116
686613,2026,2026-07-04,824171,4.0,22,3,4,2,6,82,True,139
687223,2026,2026-06-24,822719,3.1,12,3,1,0,1,58,True,143
687223,2026,2026-07-04,822716,1.0,8,3,0,0,4,37,True,134
800048,2026,2026-03-30,823972,6.0,20,5,0,0,0,76,False,119
800048,2026,2026-04-05,824460,5.0,20,6,3,1,1,91,True,112
800048,2026,2026-04-11,824939,6.2,26,5,2,0,0,84,False,144
800048,2026,2026-04-16,824453,8.0,27,9,2,0,2,112,True,110
800048,2026,2026-04-21,824448,5.0,20,4,1,0,3,85,True,117
800048,2026,2026-04-27,824446,5.2,22,9,2,0,1,95,True,139
800048,2026,2026-05-03,825013,5.0,21,6,0,3,4,78,False,133
800048,2026,2026-05-08,824443,5.2,24,7,1,0,1,95,True,142
800048,2026,2026-05-13,824438,6.2,25,7,3,1,2,104,True,108
800048,2026,2026-05-19,824276,5.0,21,6,3,1,2,81,False,116
800048,2026,2026-05-24,823459,5.2,24,6,2,0,0,91,False,143
800048,2026,2026-05-30,824431,5.0,22,4,2,0,1,93,True,111
800048,2026,2026-06-05,822892,5.2,23,4,1,2,3,85,False,140
800048,2026,2026-06-10,824428,5.2,25,4,3,0,4,100,True,147
800048,2026,2026-06-18,823772,6.0,25,9,3,0,2,96,False,158
800048,2026,2026-06-23,824584,7.2,27,10,1,1,2,95,False,145
800048,2026,2026-06-29,824420,6.2,28,5,0,0,4,83,True,140
800048,2026,2026-07-04,824415,5.0,23,3,3,0,1,100,True,145
805673,2026,2026-05-14,823709,7.0,25,5,1,0,0,83,True,146
805673,2026,2026-05-19,823704,6.0,23,6,0,1,2,100,True,117
805673,2026,2026-05-25,824598,6.0,25,6,1,2,3,88,False,145
805673,2026,2026-05-31,823373,4.1,22,7,2,2,7,100,False,134
805673,2026,2026-06-05,823699,7.0,27,2,4,0,2,100,True,118
805673,2026,2026-06-11,824265,6.0,28,4,1,3,7,81,False,116
805673,2026,2026-06-16,822888,7.0,28,4,0,0,2,93,False,140
805673,2026,2026-06-22,823692,6.0,26,5,2,2,2,108,True,119
805673,2026,2026-06-29,824176,7.0,25,7,1,1,1,89,False,117
805673,2026,2026-07-04,823526,4.2,20,5,4,2,4,79,False,147
543243,2026,2026-03-28,824540,4.0,20,5,1,1,3,80,False,113
543243,2026,2026-04-03,824786,6.0,22,3,0,0,2,87,True,135
543243,2026,2026-04-08,824779,6.1,24,2,2,0,0,90,True,158
543243,2026,2026-04-14,823723,4.0,22,1,1,2,5,93,False,142
543243,2026,2026-04-20,824776,2.2,11,2,1,0,1,40,True,116
543243,2026,2026-05-06,824282,5.0,20,2,2,0,0,70,False,116
543243,2026,2026-05-13,824763,6.0,20,6,1,1,1,78,True,143
543243,2026,2026-05-18,824114,6.0,24,9,1,0,1,80,False,118
543243,2026,2026-05-24,824759,4.0,19,4,2,0,3,75,True,142
543243,2026,2026-05-30,824431,6.0,24,7,3,0,1,92,False,114
543243,2026,2026-06-05,823538,6.1,27,3,2,2,3,79,False,147
543243,2026,2026-06-12,824752,6.0,23,7,0,0,1,88,True,140
543243,2026,2026-06-18,824748,7.0,27,4,1,2,3,89,True,141
543243,2026,2026-06-23,824340,7.0,30,11,3,1,1,93,False,115
543243,2026,2026-06-28,824744,7.1,24,9,1,0,0,97,True,147
543243,2026,2026-07-04,824012,6.0,22,7,2,1,1,70,False,108
605400,2026,2026-03-28,823488,5.0,22,7,2,2,3,91,True,140
605400,2026,2026-04-03,824377,6.1,25,9,1,0,1,95,False,115
605400,2026,2026-04-08,823234,6.0,23,3,1,1,3,84,False,137
605400,2026,2026-04-14,823478,5.0,23,5,2,0,3,87,True,112
605400,2026,2026-04-20,824692,4.1,22,5,4,1,5,88,False,112
605400,2026,2026-04-26,824934,4.2,25,6,3,2,6,101,False,144
605400,2026,2026-05-04,823874,6.0,21,5,0,0,0,94,False,146
605400,2026,2026-05-09,823468,4.2,22,4,2,1,3,94,True,115
605400,2026,2026-05-15,823384,3.2,18,2,3,2,6,80,False,134
605400,2026,2026-05-20,823462,5.0,23,5,0,0,4,77,True,113
605400,2026,2026-05-26,823294,6.0,21,5,0,1,2,80,False,135
605400,2026,2026-06-02,823460,5.0,19,8,0,1,2,95,True,135
605400,2026,2026-06-07,823453,4.1,23,4,4,0,5,98,True,145
605400,2026,2026-06-13,823776,4.2,22,3,2,2,3,85,False,158
605400,2026,2026-06-18,823448,5.0,24,6,1,2,2,97,True,121
605400,2026,2026-06-24,822719,5.0,21,5,2,2,2,86,False,120
605400,2026,2026-06-29,823444,4.1,23,5,2,2,7,86,True,134
605400,2026,2026-07-05,824091,7.0,28,7,0,0,3,98,False,118
607259,2026,2026-03-30,823809,6.0,24,3,0,1,2,88,False,158
607259,2026,2026-04-05,823729,6.0,20,4,1,1,1,81,False,142
607259,2026,2026-04-11,822996,4.2,22,4,3,1,1,87,True,147
607259,2026,2026-04-17,823397,5.1,26,3,3,0,2,88,False,134
607259,2026,2026-04-22,822993,8.0,30,6,1,0,1,95,True,113
607259,2026,2026-04-28,824447,7.0,25,4,1,0,0,78,False,114
607259,2026,2026-05-04,822984,5.0,21,4,1,0,1,71,True,141
607259,2026,2026-05-10,824765,5.2,25,3,0,0,1,80,False,111
607259,2026,2026-05-16,822981,6.0,23,4,1,0,0,77,True,146
607259,2026,2026-05-22,823546,6.0,26,1,1,1,1,94,False,147
607259,2026,2026-05-29,822978,7.0,27,5,0,0,2,88,True,108
607259,2026,2026-06-03,822973,4.0,22,1,1,2,6,58,True,116
607259,2026,2026-06-09,822969,7.0,27,2,0,0,3,73,True,111
607259,2026,2026-06-15,823938,5.1,22,6,1,1,3,96,False,119
607259,2026,2026-06-21,822968,6.0,24,5,3,1,3,88,True,120
607259,2026,2026-06-26,822962,5.2,23,3,0,1,1,85,True,109
607259,2026,2026-07-03,824173,5.1,21,3,1,1,1,85,False,117
622491,2026,2026-03-30,823159,6.0,21,7,2,0,0,95,True,147
622491,2026,2026-04-05,824053,3.2,20,4,1,0,3,84,False,108
622491,2026,2026-04-11,823155,3.1,21,3,1,1,7,91,True,117
622491,2026,2026-04-16,823313,5.1,26,3,3,0,1,98,False,135
622491,2026,2026-04-21,823148,5.0,21,6,2,1,2,95,True,133
622491,2026,2026-04-27,823719,5.0,25,3,2,2,7,97,False,142
622491,2026,2026-05-03,823145,6.0,26,5,2,0,4,101,True,118
622491,2026,2026-05-09,824606,4.0,18,6,0,2,4,84,False,145
622491,2026,2026-05-14,824196,5.2,24,6,3,1,3,108,False,117
622491,2026,2026-05-25,825005,4.0,17,6,2,0,0,68,False,133
622491,2026,2026-06-07,824268,5.2,21,5,1,1,1,100,False,116
622491,2026,2026-06-13,822725,5.2,27,4,2,1,2,84,False,120
622491,2026,2026-06-26,824423,6.0,22,4,1,0,1,91,False,114
622491,2026,2026-07-03,823120,6.0,26,4,1,0,2,101,True,141
645261,2026,2026-03-27,823893,7.0,25,5,2,0,0,73,True,115
645261,2026,2026-04-01,823889,9.0,31,7,0,0,0,93,True,145
645261,2026,2026-04-07,823887,8.1,30,6,2,0,2,95,True,113
645261,2026,2026-04-12,824293,6.0,30,4,2,3,7,100,False,116
645261,2026,2026-04-18,823882,5.0,24,1,6,1,2,97,True,158
645261,2026,2026-04-24,823232,6.0,26,4,1,0,3,108,False,137
645261,2026,2026-04-29,823958,6.0,27,4,2,0,2,104,False,119
645261,2026,2026-05-05,823873,4.1,25,5,3,0,7,106,True,110
645261,2026,2026-05-10,823868,6.0,24,3,2,0,2,89,True,120
645261,2026,2026-05-16,822981,6.0,25,6,0,0,0,101,False,139
645261,2026,2026-05-21,823864,6.0,25,3,0,2,6,94,True,144
645261,2026,2026-05-26,822811,5.2,31,4,1,3,8,95,False,141
645261,2026,2026-06-01,822730,7.0,26,5,0,1,3,95,False,120
645261,2026,2026-06-07,823857,7.0,25,7,1,0,1,90,True,139
645261,2026,2026-06-12,823370,8.0,30,7,1,2,3,102,False,134
645261,2026,2026-06-17,823450,6.0,28,6,1,0,2,102,False,143
645261,2026,2026-06-23,823849,6.2,27,4,3,0,1,109,True,140
645261,2026,2026-06-29,824339,5.2,27,3,5,0,5,96,False,115
645261,2026,2026-07-04,824983,8.0,31,8,1,0,1,100,False,133
656427,2026,2026-03-28,823323,4.1,21,2,4,0,2,89,False,135
656427,2026,2026-04-04,824295,4.0,22,6,4,0,5,86,True,138
656427,2026,2026-04-09,823724,5.2,23,6,3,1,1,89,False,142
656427,2026,2026-04-15,824291,6.0,22,7,3,0,1,97,True,118
656427,2026,2026-04-20,824776,3.1,20,3,6,0,0,73,False,111
656427,2026,2026-04-25,824527,2.0,14,4,2,3,6,68,False,113
656427,2026,2026-05-01,824287,3.2,19,4,3,1,4,91,True,140
656427,2026,2026-05-06,824282,5.0,21,10,1,0,2,96,True,111
656427,2026,2026-05-12,823632,3.2,20,2,3,0,3,97,False,121
656427,2026,2026-05-17,824279,6.0,24,4,0,1,4,90,True,141
656427,2026,2026-05-22,824842,3.1,19,7,0,2,3,78,False,110
656427,2026,2026-05-28,824272,5.2,24,9,1,0,3,91,True,108
656427,2026,2026-06-02,822971,5.0,22,6,2,0,0,94,False,139
656427,2026,2026-06-07,824268,5.0,22,7,1,0,3,87,True,136
656427,2026,2026-06-12,824425,3.0,13,1,1,0,2,63,False,114
656427,2026,2026-06-28,824256,5.0,20,9,3,0,0,94,True,117
656427,2026,2026-07-04,822882,5.2,21,5,0,0,0,88,False,140
668881,2026,2026-07-04,824499,3.1,20,7,4,1,8,89,True,110
677952,2026,2026-03-30,824539,6.0,25,3,4,0,2,87,False,113
677952,2026,2026-04-05,823405,6.0,21,8,0,0,1,87,True,110
677952,2026,2026-04-11,824697,5.0,20,9,1,0,1,77,False,112
677952,2026,2026-04-16,823396,5.2,25,7,2,0,2,90,True,120
677952,2026,2026-04-22,822913,7.0,25,5,2,1,2,94,False,140
677952,2026,2026-04-28,823390,4.1,22,7,3,2,6,87,True,138
677952,2026,2026-05-03,823387,7.2,27,6,2,0,0,82,True,113
677952,2026,2026-05-09,823224,7.0,26,6,0,1,1,80,False,137
677952,2026,2026-05-15,823384,6.2,28,5,0,1,4,100,True,143
677952,2026,2026-05-21,823056,7.0,27,9,2,1,1,98,False,138
677952,2026,2026-05-26,823379,6.1,29,5,1,0,1,95,True,112
677952,2026,2026-05-31,823373,6.0,22,11,0,1,2,80,True,142
677952,2026,2026-06-06,824915,5.0,25,5,0,1,6,86,False,144
677952,2026,2026-06-12,823370,5.0,22,4,2,0,2,90,True,146
677952,2026,2026-06-17,824992,6.0,25,7,3,0,1,93,False,133
677952,2026,2026-06-24,823367,6.0,23,10,0,0,1,86,True,136
677952,2026,2026-06-29,823444,6.0,24,8,1,3,5,97,False,143
677952,2026,2026-07-04,822716,5.2,23,7,2,1,1,94,False,120
677960,2026,2026-03-30,823159,4.1,19,7,2,0,1,77,False,136
677960,2026,2026-04-04,823569,3.2,19,4,3,0,3,88,True,146
677960,2026,2026-04-09,823565,8.0,30,7,0,0,1,101,True,133
677960,2026,2026-04-14,823562,5.0,22,10,2,4,5,94,True,108
677960,2026,2026-04-19,823556,7.1,26,8,1,0,0,95,True,118
677960,2026,2026-04-25,824203,5.1,21,4,0,1,2,86,False,117
677960,2026,2026-05-02,823554,5.0,21,5,2,1,1,90,True,110
677960,2026,2026-05-11,824844,6.1,23,9,3,0,2,101,False,110
677960,2026,2026-05-18,823549,5.1,23,7,0,2,5,90,True,141
677960,2026,2026-05-24,823544,7.0,26,4,3,0,0,95,True,139
677960,2026,2026-05-30,825000,6.2,29,10,3,3,5,107,False,133
677960,2026,2026-06-05,823538,6.0,26,4,1,2,5,93,True,111
677960,2026,2026-06-12,822803,4.1,20,2,1,2,6,82,False,141
677960,2026,2026-06-18,823533,6.1,22,8,1,1,1,88,True,145
677960,2026,2026-06-24,824259,6.0,26,6,2,0,1,97,False,116
677960,2026,2026-06-29,823529,1.2,14,3,1,0,2,55,True,116
677960,2026,2026-07-05,823525,4.0,19,6,2,0,4,88,True,142
679883,2026,2026-04-04,824132,3.0,18,4,3,1,5,73,True,158
679883,2026,2026-06-01,824510,5.0,21,5,4,1,1,86,False,113
679883,2026,2026-06-06,823697,5.0,18,3,3,0,1,70,False,142
679883,2026,2026-06-12,824102,0.2,10,0,3,2,8,49,True,117
679883,2026,2026-06-17,822721,5.2,21,5,1,0,1,91,False,120
679883,2026,2026-06-23,822963,5.0,21,6,4,0,1,87,False,139
679883,2026,2026-06-28,824580,4.0,20,4,3,1,4,86,False,145
679883,2026,2026-07-05,824091,5.0,18,4,1,0,1,69,True,143
684007,2026,2026-03-29,824700,5.0,22,7,2,1,4,82,True,120
684007,2026,2026-04-05,824460,5.0,19,4,1,0,1,92,False,114
684007,2026,2026-04-10,824695,6.0,19,9,1,0,0,100,True,134
684007,2026,2026-04-15,823477,6.0,22,11,1,1,1,97,False,143
684007,2026,2026-04-21,824690,7.0,26,1,1,1,1,87,True,143
684007,2026,2026-04-26,823959,5.1,25,6,3,0,4,100,False,119
684007,2026,2026-05-02,824685,7.0,26,5,1,0,0,87,True,109
684007,2026,2026-05-07,824681,6.0,28,10,3,1,1,99,True,113
684007,2026,2026-05-13,824928,7.0,24,6,0,1,2,96,False,144
684007,2026,2026-05-18,824680,4.1,24,2,3,2,8,79,True,158
684007,2026,2026-05-24,824676,6.0,26,6,1,3,7,94,True,117
684007,2026,2026-05-29,823055,5.1,23,2,1,3,5,75,False,138
684007,2026,2026-06-04,824672,6.0,24,5,1,4,6,84,True,133
684007,2026,2026-06-10,824348,5.0,19,7,2,0,0,90,False,115
684007,2026,2026-06-15,824666,5.2,22,3,1,0,1,85,True,115
684007,2026,2026-06-24,823611,5.1,20,4,1,3,4,69,False,121
684007,2026,2026-06-29,824662,6.1,27,4,0,0,2,97,True,135
684007,2026,2026-07-04,824658,4.2,19,8,3,1,2,86,True,138
687064,2026,2026-04-06,824619,5.0,18,2,2,0,0,66,False,145
687064,2026,2026-04-24,824854,5.2,25,5,1,1,3,93,True,111
687064,2026,2026-04-30,824850,4.0,25,2,2,2,4,82,True,117
687064,2026,2026-05-06,823872,6.0,25,5,3,0,3,93,False,146
687064,2026,2026-05-11,824844,5.1,22,5,3,1,2,97,True,147
687064,2026,2026-05-17,822738,3.2,19,3,3,1,2,70,False,120
687064,2026,2026-05-24,824839,6.2,28,4,2,0,0,105,True,116
687064,2026,2026-05-30,824833,6.2,27,7,1,0,2,86,True,141
687064,2026,2026-06-05,822810,6.1,25,4,0,1,3,85,False,141
687064,2026,2026-06-10,824831,7.0,25,5,2,0,0,88,True,136
687064,2026,2026-06-16,823128,6.0,26,2,4,0,3,92,False,136
687064,2026,2026-06-21,823934,5.0,22,5,2,0,1,95,False,119
687064,2026,2026-06-27,824825,5.0,24,8,2,1,2,93,True,120
687064,2026,2026-07-04,824499,5.0,25,5,3,0,4,102,False,113
687075,2026,2026-03-29,823810,3.0,18,3,4,3,7,86,True,145
687075,2026,2026-04-16,823801,6.2,24,6,1,0,1,75,True,141
687075,2026,2026-04-23,824288,5.1,21,4,2,1,3,76,False,116
687075,2026,2026-04-29,823796,4.1,20,5,2,2,4,82,True,109
687075,2026,2026-05-06,823063,4.0,16,5,3,0,0,76,False,138
687075,2026,2026-05-12,823790,5.1,23,6,2,1,3,85,True,135
687075,2026,2026-05-18,824680,4.2,21,5,3,1,3,78,False,112
687075,2026,2026-05-24,823786,4.0,21,7,4,0,3,89,True,119
687075,2026,2026-05-30,824190,4.1,21,4,0,1,5,95,False,117
687075,2026,2026-06-05,824350,5.0,23,2,2,1,3,87,False,115
687075,2026,2026-06-10,824996,6.0,21,3,1,1,1,68,False,133
687075,2026,2026-06-17,823774,3.2,15,6,2,1,4,65,True,114
687075,2026,2026-06-23,824501,6.0,19,10,0,0,0,80,False,113
687075,2026,2026-06-30,823768,5.1,21,7,2,1,2,106,True,113
687075,2026,2026-07-05,825061,4.0,20,4,3,0,1,92,False,109
690997,2026,2026-03-29,823647,5.0,22,8,2,1,2,84,True,134
690997,2026,2026-04-03,823240,5.1,19,4,2,0,1,93,False,137
690997,2026,2026-04-09,823645,6.1,23,8,2,0,2,100,True,109
690997,2026,2026-04-14,823965,7.0,25,8,2,0,1,95,False,119
690997,2026,2026-04-21,823640,6.2,25,10,0,1,3,99,True,142
690997,2026,2026-04-26,823635,5.0,21,7,2,0,1,91,True,115
690997,2026,2026-05-02,824042,4.0,18,6,1,0,3,78,False,108
690997,2026,2026-05-08,825088,6.0,22,6,1,1,1,100,False,109
690997,2026,2026-05-14,823630,7.0,28,7,3,1,3,93,True,116
690997,2026,2026-05-19,822736,5.2,31,5,2,2,6,100,False,120
690997,2026,2026-05-25,823625,3.1,19,6,2,2,7,78,True,113
690997,2026,2026-05-31,823621,5.0,23,2,5,0,1,94,True,146
690997,2026,2026-06-06,823292,6.0,23,5,3,0,1,101,False,135
690997,2026,2026-06-12,823617,4.0,18,6,4,0,2,93,True,144
690997,2026,2026-06-17,824503,7.0,27,9,1,0,0,101,False,113
690997,2026,2026-06-24,823613,6.0,28,9,2,2,6,104,True,112
690997,2026,2026-06-30,822793,6.0,25,7,2,0,0,91,False,141
690997,2026,2026-07-05,824902,6.0,25,5,1,0,2,96,False,144
